$date
  Sun Mar 15 01:24:17 2026
$end
$version
  GHDL v0
$end
$timescale
  1 fs
$end
$scope module standard $end
$upscope $end
$scope module std_logic_1164 $end
$upscope $end
$scope module numeric_std $end
$upscope $end
$scope module pwm_generator_tb $end
$var reg 1 ! clk $end
$var reg 1 " rst $end
$var reg 7 # duty_cycle[6:0] $end
$var reg 1 $ pwm_out $end
$scope module uut $end
$var reg 1 % clk $end
$var reg 1 & rst $end
$var reg 7 ' duty_cycle[6:0] $end
$var reg 1 ( pwm_out $end
$var integer 32 ) counter $end
$var integer 32 * duty_int $end
$upscope $end
$upscope $end
$enddefinitions $end
#0
0!
1"
b0000000 #
U$
0%
1&
b0000000 '
U(
b0 )
b0 *
#41666500
1!
0$
1%
0(
#83333000
0!
0%
#124999500
1!
1%
#166666000
0!
0%
#208332500
1!
1%
#249999000
0!
0%
#291665500
1!
1%
#333332000
0!
0%
#374998500
1!
1%
#416665000
0!
0%
#458331500
1!
1%
#499998000
0!
0%
#541664500
1!
1%
#583331000
0!
0%
#624997500
1!
1%
#666664000
0!
0%
#708330500
1!
1%
#749997000
0!
0%
#791663500
1!
1%
#833330000
0!
0%
#874996500
1!
1%
#916663000
0!
0%
#958329500
1!
1%
#999996000
0!
0%
#1000000000
0"
b0011001 #
0&
b0011001 '
b11001 *
#1041662500
1!
1$
1%
1(
b1 )
#1083329000
0!
0%
#1124995500
1!
1%
b10 )
#1166662000
0!
0%
#1208328500
1!
1%
b11 )
#1249995000
0!
0%
#1291661500
1!
1%
b100 )
#1333328000
0!
0%
#1374994500
1!
1%
b101 )
#1416661000
0!
0%
#1458327500
1!
1%
b110 )
#1499994000
0!
0%
#1541660500
1!
1%
b111 )
#1583327000
0!
0%
#1624993500
1!
1%
b1000 )
#1666660000
0!
0%
#1708326500
1!
1%
b1001 )
#1749993000
0!
0%
#1791659500
1!
1%
b1010 )
#1833326000
0!
0%
#1874992500
1!
1%
b1011 )
#1916659000
0!
0%
#1958325500
1!
1%
b1100 )
#1999992000
0!
0%
#2041658500
1!
1%
b1101 )
#2083325000
0!
0%
#2124991500
1!
1%
b1110 )
#2166658000
0!
0%
#2208324500
1!
1%
b1111 )
#2249991000
0!
0%
#2291657500
1!
1%
b10000 )
#2333324000
0!
0%
#2374990500
1!
1%
b10001 )
#2416657000
0!
0%
#2458323500
1!
1%
b10010 )
#2499990000
0!
0%
#2541656500
1!
1%
b10011 )
#2583323000
0!
0%
#2624989500
1!
1%
b10100 )
#2666656000
0!
0%
#2708322500
1!
1%
b10101 )
#2749989000
0!
0%
#2791655500
1!
1%
b10110 )
#2833322000
0!
0%
#2874988500
1!
1%
b10111 )
#2916655000
0!
0%
#2958321500
1!
1%
b11000 )
#2999988000
0!
0%
#3041654500
1!
1%
b11001 )
#3083321000
0!
0%
#3124987500
1!
0$
1%
0(
b11010 )
#3166654000
0!
0%
#3208320500
1!
1%
b11011 )
#3249987000
0!
0%
#3291653500
1!
1%
b11100 )
#3333320000
0!
0%
#3374986500
1!
1%
b11101 )
#3416653000
0!
0%
#3458319500
1!
1%
b11110 )
#3499986000
0!
0%
#3541652500
1!
1%
b11111 )
#3583319000
0!
0%
#3624985500
1!
1%
b100000 )
#3666652000
0!
0%
#3708318500
1!
1%
b100001 )
#3749985000
0!
0%
#3791651500
1!
1%
b100010 )
#3833318000
0!
0%
#3874984500
1!
1%
b100011 )
#3916651000
0!
0%
#3958317500
1!
1%
b100100 )
#3999984000
0!
0%
#4041650500
1!
1%
b100101 )
#4083317000
0!
0%
#4124983500
1!
1%
b100110 )
#4166650000
0!
0%
#4208316500
1!
1%
b100111 )
#4249983000
0!
0%
#4291649500
1!
1%
b101000 )
#4333316000
0!
0%
#4374982500
1!
1%
b101001 )
#4416649000
0!
0%
#4458315500
1!
1%
b101010 )
#4499982000
0!
0%
#4541648500
1!
1%
b101011 )
#4583315000
0!
0%
#4624981500
1!
1%
b101100 )
#4666648000
0!
0%
#4708314500
1!
1%
b101101 )
#4749981000
0!
0%
#4791647500
1!
1%
b101110 )
#4833314000
0!
0%
#4874980500
1!
1%
b101111 )
#4916647000
0!
0%
#4958313500
1!
1%
b110000 )
#4999980000
0!
0%
#5041646500
1!
1%
b110001 )
#5083313000
0!
0%
#5124979500
1!
1%
b110010 )
#5166646000
0!
0%
#5208312500
1!
1%
b110011 )
#5249979000
0!
0%
#5291645500
1!
1%
b110100 )
#5333312000
0!
0%
#5374978500
1!
1%
b110101 )
#5416645000
0!
0%
#5458311500
1!
1%
b110110 )
#5499978000
0!
0%
#5541644500
1!
1%
b110111 )
#5583311000
0!
0%
#5624977500
1!
1%
b111000 )
#5666644000
0!
0%
#5708310500
1!
1%
b111001 )
#5749977000
0!
0%
#5791643500
1!
1%
b111010 )
#5833310000
0!
0%
#5874976500
1!
1%
b111011 )
#5916643000
0!
0%
#5958309500
1!
1%
b111100 )
#5999976000
0!
0%
#6041642500
1!
1%
b111101 )
#6083309000
0!
0%
#6124975500
1!
1%
b111110 )
#6166642000
0!
0%
#6208308500
1!
1%
b111111 )
#6249975000
0!
0%
#6291641500
1!
1%
b1000000 )
#6333308000
0!
0%
#6374974500
1!
1%
b1000001 )
#6416641000
0!
0%
#6458307500
1!
1%
b1000010 )
#6499974000
0!
0%
#6541640500
1!
1%
b1000011 )
#6583307000
0!
0%
#6624973500
1!
1%
b1000100 )
#6666640000
0!
0%
#6708306500
1!
1%
b1000101 )
#6749973000
0!
0%
#6791639500
1!
1%
b1000110 )
#6833306000
0!
0%
#6874972500
1!
1%
b1000111 )
#6916639000
0!
0%
#6958305500
1!
1%
b1001000 )
#6999972000
0!
0%
#7041638500
1!
1%
b1001001 )
#7083305000
0!
0%
#7124971500
1!
1%
b1001010 )
#7166638000
0!
0%
#7208304500
1!
1%
b1001011 )
#7249971000
0!
0%
#7291637500
1!
1%
b1001100 )
#7333304000
0!
0%
#7374970500
1!
1%
b1001101 )
#7416637000
0!
0%
#7458303500
1!
1%
b1001110 )
#7499970000
0!
0%
#7541636500
1!
1%
b1001111 )
#7583303000
0!
0%
#7624969500
1!
1%
b1010000 )
#7666636000
0!
0%
#7708302500
1!
1%
b1010001 )
#7749969000
0!
0%
#7791635500
1!
1%
b1010010 )
#7833302000
0!
0%
#7874968500
1!
1%
b1010011 )
#7916635000
0!
0%
#7958301500
1!
1%
b1010100 )
#7999968000
0!
0%
#8041634500
1!
1%
b1010101 )
#8083301000
0!
0%
#8124967500
1!
1%
b1010110 )
#8166634000
0!
0%
#8208300500
1!
1%
b1010111 )
#8249967000
0!
0%
#8291633500
1!
1%
b1011000 )
#8333300000
0!
0%
#8374966500
1!
1%
b1011001 )
#8416633000
0!
0%
#8458299500
1!
1%
b1011010 )
#8499966000
0!
0%
#8541632500
1!
1%
b1011011 )
#8583299000
0!
0%
#8624965500
1!
1%
b1011100 )
#8666632000
0!
0%
#8708298500
1!
1%
b1011101 )
#8749965000
0!
0%
#8791631500
1!
1%
b1011110 )
#8833298000
0!
0%
#8874964500
1!
1%
b1011111 )
#8916631000
0!
0%
#8958297500
1!
1%
b1100000 )
#8999964000
0!
0%
#9041630500
1!
1%
b1100001 )
#9083297000
0!
0%
#9124963500
1!
1%
b1100010 )
#9166630000
0!
0%
#9208296500
1!
1%
b1100011 )
#9249963000
0!
0%
#9291629500
1!
1%
b0 )
#9333296000
0!
0%
#9374962500
1!
1$
1%
1(
b1 )
#9416629000
0!
0%
#9458295500
1!
1%
b10 )
#9499962000
0!
0%
#9541628500
1!
1%
b11 )
#9583295000
0!
0%
#9624961500
1!
1%
b100 )
#9666628000
0!
0%
#9708294500
1!
1%
b101 )
#9749961000
0!
0%
#9791627500
1!
1%
b110 )
#9833294000
0!
0%
#9874960500
1!
1%
b111 )
#9916627000
0!
0%
#9958293500
1!
1%
b1000 )
#9999960000
0!
0%
#10041626500
1!
1%
b1001 )
#10083293000
0!
0%
#10124959500
1!
1%
b1010 )
#10166626000
0!
0%
#10208292500
1!
1%
b1011 )
#10249959000
0!
0%
#10291625500
1!
1%
b1100 )
#10333292000
0!
0%
#10374958500
1!
1%
b1101 )
#10416625000
0!
0%
#10458291500
1!
1%
b1110 )
#10499958000
0!
0%
#10541624500
1!
1%
b1111 )
#10583291000
0!
0%
#10624957500
1!
1%
b10000 )
#10666624000
0!
0%
#10708290500
1!
1%
b10001 )
#10749957000
0!
0%
#10791623500
1!
1%
b10010 )
#10833290000
0!
0%
#10874956500
1!
1%
b10011 )
#10916623000
0!
0%
#10958289500
1!
1%
b10100 )
#10999956000
0!
0%
#11041622500
1!
1%
b10101 )
#11083289000
0!
0%
#11124955500
1!
1%
b10110 )
#11166622000
0!
0%
#11208288500
1!
1%
b10111 )
#11249955000
0!
0%
#11291621500
1!
1%
b11000 )
#11333288000
0!
0%
#11374954500
1!
1%
b11001 )
#11416621000
0!
0%
#11458287500
1!
0$
1%
0(
b11010 )
#11499954000
0!
0%
#11541620500
1!
1%
b11011 )
#11583287000
0!
0%
#11624953500
1!
1%
b11100 )
#11666620000
0!
0%
#11708286500
1!
1%
b11101 )
#11749953000
0!
0%
#11791619500
1!
1%
b11110 )
#11833286000
0!
0%
#11874952500
1!
1%
b11111 )
#11916619000
0!
0%
#11958285500
1!
1%
b100000 )
#11999952000
0!
0%
#12041618500
1!
1%
b100001 )
#12083285000
0!
0%
#12124951500
1!
1%
b100010 )
#12166618000
0!
0%
#12208284500
1!
1%
b100011 )
#12249951000
0!
0%
#12291617500
1!
1%
b100100 )
#12333284000
0!
0%
#12374950500
1!
1%
b100101 )
#12416617000
0!
0%
#12458283500
1!
1%
b100110 )
#12499950000
0!
0%
#12541616500
1!
1%
b100111 )
#12583283000
0!
0%
#12624949500
1!
1%
b101000 )
#12666616000
0!
0%
#12708282500
1!
1%
b101001 )
#12749949000
0!
0%
#12791615500
1!
1%
b101010 )
#12833282000
0!
0%
#12874948500
1!
1%
b101011 )
#12916615000
0!
0%
#12958281500
1!
1%
b101100 )
#12999948000
0!
0%
#13041614500
1!
1%
b101101 )
#13083281000
0!
0%
#13124947500
1!
1%
b101110 )
#13166614000
0!
0%
#13208280500
1!
1%
b101111 )
#13249947000
0!
0%
#13291613500
1!
1%
b110000 )
#13333280000
0!
0%
#13374946500
1!
1%
b110001 )
#13416613000
0!
0%
#13458279500
1!
1%
b110010 )
#13499946000
0!
0%
#13541612500
1!
1%
b110011 )
#13583279000
0!
0%
#13624945500
1!
1%
b110100 )
#13666612000
0!
0%
#13708278500
1!
1%
b110101 )
#13749945000
0!
0%
#13791611500
1!
1%
b110110 )
#13833278000
0!
0%
#13874944500
1!
1%
b110111 )
#13916611000
0!
0%
#13958277500
1!
1%
b111000 )
#13999944000
0!
0%
#14041610500
1!
1%
b111001 )
#14083277000
0!
0%
#14124943500
1!
1%
b111010 )
#14166610000
0!
0%
#14208276500
1!
1%
b111011 )
#14249943000
0!
0%
#14291609500
1!
1%
b111100 )
#14333276000
0!
0%
#14374942500
1!
1%
b111101 )
#14416609000
0!
0%
#14458275500
1!
1%
b111110 )
#14499942000
0!
0%
#14541608500
1!
1%
b111111 )
#14583275000
0!
0%
#14624941500
1!
1%
b1000000 )
#14666608000
0!
0%
#14708274500
1!
1%
b1000001 )
#14749941000
0!
0%
#14791607500
1!
1%
b1000010 )
#14833274000
0!
0%
#14874940500
1!
1%
b1000011 )
#14916607000
0!
0%
#14958273500
1!
1%
b1000100 )
#14999940000
0!
0%
#15041606500
1!
1%
b1000101 )
#15083273000
0!
0%
#15124939500
1!
1%
b1000110 )
#15166606000
0!
0%
#15208272500
1!
1%
b1000111 )
#15249939000
0!
0%
#15291605500
1!
1%
b1001000 )
#15333272000
0!
0%
#15374938500
1!
1%
b1001001 )
#15416605000
0!
0%
#15458271500
1!
1%
b1001010 )
#15499938000
0!
0%
#15541604500
1!
1%
b1001011 )
#15583271000
0!
0%
#15624937500
1!
1%
b1001100 )
#15666604000
0!
0%
#15708270500
1!
1%
b1001101 )
#15749937000
0!
0%
#15791603500
1!
1%
b1001110 )
#15833270000
0!
0%
#15874936500
1!
1%
b1001111 )
#15916603000
0!
0%
#15958269500
1!
1%
b1010000 )
#15999936000
0!
0%
#16041602500
1!
1%
b1010001 )
#16083269000
0!
0%
#16124935500
1!
1%
b1010010 )
#16166602000
0!
0%
#16208268500
1!
1%
b1010011 )
#16249935000
0!
0%
#16291601500
1!
1%
b1010100 )
#16333268000
0!
0%
#16374934500
1!
1%
b1010101 )
#16416601000
0!
0%
#16458267500
1!
1%
b1010110 )
#16499934000
0!
0%
#16541600500
1!
1%
b1010111 )
#16583267000
0!
0%
#16624933500
1!
1%
b1011000 )
#16666600000
0!
0%
#16708266500
1!
1%
b1011001 )
#16749933000
0!
0%
#16791599500
1!
1%
b1011010 )
#16833266000
0!
0%
#16874932500
1!
1%
b1011011 )
#16916599000
0!
0%
#16958265500
1!
1%
b1011100 )
#16999932000
0!
0%
#17041598500
1!
1%
b1011101 )
#17083265000
0!
0%
#17124931500
1!
1%
b1011110 )
#17166598000
0!
0%
#17208264500
1!
1%
b1011111 )
#17249931000
0!
0%
#17291597500
1!
1%
b1100000 )
#17333264000
0!
0%
#17374930500
1!
1%
b1100001 )
#17416597000
0!
0%
#17458263500
1!
1%
b1100010 )
#17499930000
0!
0%
#17541596500
1!
1%
b1100011 )
#17583263000
0!
0%
#17624929500
1!
1%
b0 )
#17666596000
0!
0%
#17708262500
1!
1$
1%
1(
b1 )
#17749929000
0!
0%
#17791595500
1!
1%
b10 )
#17833262000
0!
0%
#17874928500
1!
1%
b11 )
#17916595000
0!
0%
#17958261500
1!
1%
b100 )
#17999928000
0!
0%
#18041594500
1!
1%
b101 )
#18083261000
0!
0%
#18124927500
1!
1%
b110 )
#18166594000
0!
0%
#18208260500
1!
1%
b111 )
#18249927000
0!
0%
#18291593500
1!
1%
b1000 )
#18333260000
0!
0%
#18374926500
1!
1%
b1001 )
#18416593000
0!
0%
#18458259500
1!
1%
b1010 )
#18499926000
0!
0%
#18541592500
1!
1%
b1011 )
#18583259000
0!
0%
#18624925500
1!
1%
b1100 )
#18666592000
0!
0%
#18708258500
1!
1%
b1101 )
#18749925000
0!
0%
#18791591500
1!
1%
b1110 )
#18833258000
0!
0%
#18874924500
1!
1%
b1111 )
#18916591000
0!
0%
#18958257500
1!
1%
b10000 )
#18999924000
0!
0%
#19041590500
1!
1%
b10001 )
#19083257000
0!
0%
#19124923500
1!
1%
b10010 )
#19166590000
0!
0%
#19208256500
1!
1%
b10011 )
#19249923000
0!
0%
#19291589500
1!
1%
b10100 )
#19333256000
0!
0%
#19374922500
1!
1%
b10101 )
#19416589000
0!
0%
#19458255500
1!
1%
b10110 )
#19499922000
0!
0%
#19541588500
1!
1%
b10111 )
#19583255000
0!
0%
#19624921500
1!
1%
b11000 )
#19666588000
0!
0%
#19708254500
1!
1%
b11001 )
#19749921000
0!
0%
#19791587500
1!
0$
1%
0(
b11010 )
#19833254000
0!
0%
#19874920500
1!
1%
b11011 )
#19916587000
0!
0%
#19958253500
1!
1%
b11100 )
#19999920000
0!
0%
#20041586500
1!
1%
b11101 )
#20083253000
0!
0%
#20124919500
1!
1%
b11110 )
#20166586000
0!
0%
#20208252500
1!
1%
b11111 )
#20249919000
0!
0%
#20291585500
1!
1%
b100000 )
#20333252000
0!
0%
#20374918500
1!
1%
b100001 )
#20416585000
0!
0%
#20458251500
1!
1%
b100010 )
#20499918000
0!
0%
#20541584500
1!
1%
b100011 )
#20583251000
0!
0%
#20624917500
1!
1%
b100100 )
#20666584000
0!
0%
#20708250500
1!
1%
b100101 )
#20749917000
0!
0%
#20791583500
1!
1%
b100110 )
#20833250000
0!
0%
#20874916500
1!
1%
b100111 )
#20916583000
0!
0%
#20958249500
1!
1%
b101000 )
#20999916000
0!
0%
#21041582500
1!
1%
b101001 )
#21083249000
0!
0%
#21124915500
1!
1%
b101010 )
#21166582000
0!
0%
#21208248500
1!
1%
b101011 )
#21249915000
0!
0%
#21291581500
1!
1%
b101100 )
#21333248000
0!
0%
#21374914500
1!
1%
b101101 )
#21416581000
0!
0%
#21458247500
1!
1%
b101110 )
#21499914000
0!
0%
#21541580500
1!
1%
b101111 )
#21583247000
0!
0%
#21624913500
1!
1%
b110000 )
#21666580000
0!
0%
#21708246500
1!
1%
b110001 )
#21749913000
0!
0%
#21791579500
1!
1%
b110010 )
#21833246000
0!
0%
#21874912500
1!
1%
b110011 )
#21916579000
0!
0%
#21958245500
1!
1%
b110100 )
#21999912000
0!
0%
#22041578500
1!
1%
b110101 )
#22083245000
0!
0%
#22124911500
1!
1%
b110110 )
#22166578000
0!
0%
#22208244500
1!
1%
b110111 )
#22249911000
0!
0%
#22291577500
1!
1%
b111000 )
#22333244000
0!
0%
#22374910500
1!
1%
b111001 )
#22416577000
0!
0%
#22458243500
1!
1%
b111010 )
#22499910000
0!
0%
#22541576500
1!
1%
b111011 )
#22583243000
0!
0%
#22624909500
1!
1%
b111100 )
#22666576000
0!
0%
#22708242500
1!
1%
b111101 )
#22749909000
0!
0%
#22791575500
1!
1%
b111110 )
#22833242000
0!
0%
#22874908500
1!
1%
b111111 )
#22916575000
0!
0%
#22958241500
1!
1%
b1000000 )
#22999908000
0!
0%
#23041574500
1!
1%
b1000001 )
#23083241000
0!
0%
#23124907500
1!
1%
b1000010 )
#23166574000
0!
0%
#23208240500
1!
1%
b1000011 )
#23249907000
0!
0%
#23291573500
1!
1%
b1000100 )
#23333240000
0!
0%
#23374906500
1!
1%
b1000101 )
#23416573000
0!
0%
#23458239500
1!
1%
b1000110 )
#23499906000
0!
0%
#23541572500
1!
1%
b1000111 )
#23583239000
0!
0%
#23624905500
1!
1%
b1001000 )
#23666572000
0!
0%
#23708238500
1!
1%
b1001001 )
#23749905000
0!
0%
#23791571500
1!
1%
b1001010 )
#23833238000
0!
0%
#23874904500
1!
1%
b1001011 )
#23916571000
0!
0%
#23958237500
1!
1%
b1001100 )
#23999904000
0!
0%
#24041570500
1!
1%
b1001101 )
#24083237000
0!
0%
#24124903500
1!
1%
b1001110 )
#24166570000
0!
0%
#24208236500
1!
1%
b1001111 )
#24249903000
0!
0%
#24291569500
1!
1%
b1010000 )
#24333236000
0!
0%
#24374902500
1!
1%
b1010001 )
#24416569000
0!
0%
#24458235500
1!
1%
b1010010 )
#24499902000
0!
0%
#24541568500
1!
1%
b1010011 )
#24583235000
0!
0%
#24624901500
1!
1%
b1010100 )
#24666568000
0!
0%
#24708234500
1!
1%
b1010101 )
#24749901000
0!
0%
#24791567500
1!
1%
b1010110 )
#24833234000
0!
0%
#24874900500
1!
1%
b1010111 )
#24916567000
0!
0%
#24958233500
1!
1%
b1011000 )
#24999900000
0!
0%
#25041566500
1!
1%
b1011001 )
#25083233000
0!
0%
#25124899500
1!
1%
b1011010 )
#25166566000
0!
0%
#25208232500
1!
1%
b1011011 )
#25249899000
0!
0%
#25291565500
1!
1%
b1011100 )
#25333232000
0!
0%
#25374898500
1!
1%
b1011101 )
#25416565000
0!
0%
#25458231500
1!
1%
b1011110 )
#25499898000
0!
0%
#25541564500
1!
1%
b1011111 )
#25583231000
0!
0%
#25624897500
1!
1%
b1100000 )
#25666564000
0!
0%
#25708230500
1!
1%
b1100001 )
#25749897000
0!
0%
#25791563500
1!
1%
b1100010 )
#25833230000
0!
0%
#25874896500
1!
1%
b1100011 )
#25916563000
0!
0%
#25958229500
1!
1%
b0 )
#25999896000
0!
0%
#26041562500
1!
1$
1%
1(
b1 )
#26083229000
0!
0%
#26124895500
1!
1%
b10 )
#26166562000
0!
0%
#26208228500
1!
1%
b11 )
#26249895000
0!
0%
#26291561500
1!
1%
b100 )
#26333228000
0!
0%
#26374894500
1!
1%
b101 )
#26416561000
0!
0%
#26458227500
1!
1%
b110 )
#26499894000
0!
0%
#26541560500
1!
1%
b111 )
#26583227000
0!
0%
#26624893500
1!
1%
b1000 )
#26666560000
0!
0%
#26708226500
1!
1%
b1001 )
#26749893000
0!
0%
#26791559500
1!
1%
b1010 )
#26833226000
0!
0%
#26874892500
1!
1%
b1011 )
#26916559000
0!
0%
#26958225500
1!
1%
b1100 )
#26999892000
0!
0%
#27041558500
1!
1%
b1101 )
#27083225000
0!
0%
#27124891500
1!
1%
b1110 )
#27166558000
0!
0%
#27208224500
1!
1%
b1111 )
#27249891000
0!
0%
#27291557500
1!
1%
b10000 )
#27333224000
0!
0%
#27374890500
1!
1%
b10001 )
#27416557000
0!
0%
#27458223500
1!
1%
b10010 )
#27499890000
0!
0%
#27541556500
1!
1%
b10011 )
#27583223000
0!
0%
#27624889500
1!
1%
b10100 )
#27666556000
0!
0%
#27708222500
1!
1%
b10101 )
#27749889000
0!
0%
#27791555500
1!
1%
b10110 )
#27833222000
0!
0%
#27874888500
1!
1%
b10111 )
#27916555000
0!
0%
#27958221500
1!
1%
b11000 )
#27999888000
0!
0%
#28041554500
1!
1%
b11001 )
#28083221000
0!
0%
#28124887500
1!
0$
1%
0(
b11010 )
#28166554000
0!
0%
#28208220500
1!
1%
b11011 )
#28249887000
0!
0%
#28291553500
1!
1%
b11100 )
#28333220000
0!
0%
#28374886500
1!
1%
b11101 )
#28416553000
0!
0%
#28458219500
1!
1%
b11110 )
#28499886000
0!
0%
#28541552500
1!
1%
b11111 )
#28583219000
0!
0%
#28624885500
1!
1%
b100000 )
#28666552000
0!
0%
#28708218500
1!
1%
b100001 )
#28749885000
0!
0%
#28791551500
1!
1%
b100010 )
#28833218000
0!
0%
#28874884500
1!
1%
b100011 )
#28916551000
0!
0%
#28958217500
1!
1%
b100100 )
#28999884000
0!
0%
#29041550500
1!
1%
b100101 )
#29083217000
0!
0%
#29124883500
1!
1%
b100110 )
#29166550000
0!
0%
#29208216500
1!
1%
b100111 )
#29249883000
0!
0%
#29291549500
1!
1%
b101000 )
#29333216000
0!
0%
#29374882500
1!
1%
b101001 )
#29416549000
0!
0%
#29458215500
1!
1%
b101010 )
#29499882000
0!
0%
#29541548500
1!
1%
b101011 )
#29583215000
0!
0%
#29624881500
1!
1%
b101100 )
#29666548000
0!
0%
#29708214500
1!
1%
b101101 )
#29749881000
0!
0%
#29791547500
1!
1%
b101110 )
#29833214000
0!
0%
#29874880500
1!
1%
b101111 )
#29916547000
0!
0%
#29958213500
1!
1%
b110000 )
#29999880000
0!
0%
#30041546500
1!
1%
b110001 )
#30083213000
0!
0%
#30124879500
1!
1%
b110010 )
#30166546000
0!
0%
#30208212500
1!
1%
b110011 )
#30249879000
0!
0%
#30291545500
1!
1%
b110100 )
#30333212000
0!
0%
#30374878500
1!
1%
b110101 )
#30416545000
0!
0%
#30458211500
1!
1%
b110110 )
#30499878000
0!
0%
#30541544500
1!
1%
b110111 )
#30583211000
0!
0%
#30624877500
1!
1%
b111000 )
#30666544000
0!
0%
#30708210500
1!
1%
b111001 )
#30749877000
0!
0%
#30791543500
1!
1%
b111010 )
#30833210000
0!
0%
#30874876500
1!
1%
b111011 )
#30916543000
0!
0%
#30958209500
1!
1%
b111100 )
#30999876000
0!
0%
#31041542500
1!
1%
b111101 )
#31083209000
0!
0%
#31124875500
1!
1%
b111110 )
#31166542000
0!
0%
#31208208500
1!
1%
b111111 )
#31249875000
0!
0%
#31291541500
1!
1%
b1000000 )
#31333208000
0!
0%
#31374874500
1!
1%
b1000001 )
#31416541000
0!
0%
#31458207500
1!
1%
b1000010 )
#31499874000
0!
0%
#31541540500
1!
1%
b1000011 )
#31583207000
0!
0%
#31624873500
1!
1%
b1000100 )
#31666540000
0!
0%
#31708206500
1!
1%
b1000101 )
#31749873000
0!
0%
#31791539500
1!
1%
b1000110 )
#31833206000
0!
0%
#31874872500
1!
1%
b1000111 )
#31916539000
0!
0%
#31958205500
1!
1%
b1001000 )
#31999872000
0!
0%
#32041538500
1!
1%
b1001001 )
#32083205000
0!
0%
#32124871500
1!
1%
b1001010 )
#32166538000
0!
0%
#32208204500
1!
1%
b1001011 )
#32249871000
0!
0%
#32291537500
1!
1%
b1001100 )
#32333204000
0!
0%
#32374870500
1!
1%
b1001101 )
#32416537000
0!
0%
#32458203500
1!
1%
b1001110 )
#32499870000
0!
0%
#32541536500
1!
1%
b1001111 )
#32583203000
0!
0%
#32624869500
1!
1%
b1010000 )
#32666536000
0!
0%
#32708202500
1!
1%
b1010001 )
#32749869000
0!
0%
#32791535500
1!
1%
b1010010 )
#32833202000
0!
0%
#32874868500
1!
1%
b1010011 )
#32916535000
0!
0%
#32958201500
1!
1%
b1010100 )
#32999868000
0!
0%
#33041534500
1!
1%
b1010101 )
#33083201000
0!
0%
#33124867500
1!
1%
b1010110 )
#33166534000
0!
0%
#33208200500
1!
1%
b1010111 )
#33249867000
0!
0%
#33291533500
1!
1%
b1011000 )
#33333200000
0!
0%
#33374866500
1!
1%
b1011001 )
#33416533000
0!
0%
#33458199500
1!
1%
b1011010 )
#33499866000
0!
0%
#33541532500
1!
1%
b1011011 )
#33583199000
0!
0%
#33624865500
1!
1%
b1011100 )
#33666532000
0!
0%
#33708198500
1!
1%
b1011101 )
#33749865000
0!
0%
#33791531500
1!
1%
b1011110 )
#33833198000
0!
0%
#33874864500
1!
1%
b1011111 )
#33916531000
0!
0%
#33958197500
1!
1%
b1100000 )
#33999864000
0!
0%
#34041530500
1!
1%
b1100001 )
#34083197000
0!
0%
#34124863500
1!
1%
b1100010 )
#34166530000
0!
0%
#34208196500
1!
1%
b1100011 )
#34249863000
0!
0%
#34291529500
1!
1%
b0 )
#34333196000
0!
0%
#34374862500
1!
1$
1%
1(
b1 )
#34416529000
0!
0%
#34458195500
1!
1%
b10 )
#34499862000
0!
0%
#34541528500
1!
1%
b11 )
#34583195000
0!
0%
#34624861500
1!
1%
b100 )
#34666528000
0!
0%
#34708194500
1!
1%
b101 )
#34749861000
0!
0%
#34791527500
1!
1%
b110 )
#34833194000
0!
0%
#34874860500
1!
1%
b111 )
#34916527000
0!
0%
#34958193500
1!
1%
b1000 )
#34999860000
0!
0%
#35041526500
1!
1%
b1001 )
#35083193000
0!
0%
#35124859500
1!
1%
b1010 )
#35166526000
0!
0%
#35208192500
1!
1%
b1011 )
#35249859000
0!
0%
#35291525500
1!
1%
b1100 )
#35333192000
0!
0%
#35374858500
1!
1%
b1101 )
#35416525000
0!
0%
#35458191500
1!
1%
b1110 )
#35499858000
0!
0%
#35541524500
1!
1%
b1111 )
#35583191000
0!
0%
#35624857500
1!
1%
b10000 )
#35666524000
0!
0%
#35708190500
1!
1%
b10001 )
#35749857000
0!
0%
#35791523500
1!
1%
b10010 )
#35833190000
0!
0%
#35874856500
1!
1%
b10011 )
#35916523000
0!
0%
#35958189500
1!
1%
b10100 )
#35999856000
0!
0%
#36041522500
1!
1%
b10101 )
#36083189000
0!
0%
#36124855500
1!
1%
b10110 )
#36166522000
0!
0%
#36208188500
1!
1%
b10111 )
#36249855000
0!
0%
#36291521500
1!
1%
b11000 )
#36333188000
0!
0%
#36374854500
1!
1%
b11001 )
#36416521000
0!
0%
#36458187500
1!
0$
1%
0(
b11010 )
#36499854000
0!
0%
#36541520500
1!
1%
b11011 )
#36583187000
0!
0%
#36624853500
1!
1%
b11100 )
#36666520000
0!
0%
#36708186500
1!
1%
b11101 )
#36749853000
0!
0%
#36791519500
1!
1%
b11110 )
#36833186000
0!
0%
#36874852500
1!
1%
b11111 )
#36916519000
0!
0%
#36958185500
1!
1%
b100000 )
#36999852000
0!
0%
#37041518500
1!
1%
b100001 )
#37083185000
0!
0%
#37124851500
1!
1%
b100010 )
#37166518000
0!
0%
#37208184500
1!
1%
b100011 )
#37249851000
0!
0%
#37291517500
1!
1%
b100100 )
#37333184000
0!
0%
#37374850500
1!
1%
b100101 )
#37416517000
0!
0%
#37458183500
1!
1%
b100110 )
#37499850000
0!
0%
#37541516500
1!
1%
b100111 )
#37583183000
0!
0%
#37624849500
1!
1%
b101000 )
#37666516000
0!
0%
#37708182500
1!
1%
b101001 )
#37749849000
0!
0%
#37791515500
1!
1%
b101010 )
#37833182000
0!
0%
#37874848500
1!
1%
b101011 )
#37916515000
0!
0%
#37958181500
1!
1%
b101100 )
#37999848000
0!
0%
#38041514500
1!
1%
b101101 )
#38083181000
0!
0%
#38124847500
1!
1%
b101110 )
#38166514000
0!
0%
#38208180500
1!
1%
b101111 )
#38249847000
0!
0%
#38291513500
1!
1%
b110000 )
#38333180000
0!
0%
#38374846500
1!
1%
b110001 )
#38416513000
0!
0%
#38458179500
1!
1%
b110010 )
#38499846000
0!
0%
#38541512500
1!
1%
b110011 )
#38583179000
0!
0%
#38624845500
1!
1%
b110100 )
#38666512000
0!
0%
#38708178500
1!
1%
b110101 )
#38749845000
0!
0%
#38791511500
1!
1%
b110110 )
#38833178000
0!
0%
#38874844500
1!
1%
b110111 )
#38916511000
0!
0%
#38958177500
1!
1%
b111000 )
#38999844000
0!
0%
#39041510500
1!
1%
b111001 )
#39083177000
0!
0%
#39124843500
1!
1%
b111010 )
#39166510000
0!
0%
#39208176500
1!
1%
b111011 )
#39249843000
0!
0%
#39291509500
1!
1%
b111100 )
#39333176000
0!
0%
#39374842500
1!
1%
b111101 )
#39416509000
0!
0%
#39458175500
1!
1%
b111110 )
#39499842000
0!
0%
#39541508500
1!
1%
b111111 )
#39583175000
0!
0%
#39624841500
1!
1%
b1000000 )
#39666508000
0!
0%
#39708174500
1!
1%
b1000001 )
#39749841000
0!
0%
#39791507500
1!
1%
b1000010 )
#39833174000
0!
0%
#39874840500
1!
1%
b1000011 )
#39916507000
0!
0%
#39958173500
1!
1%
b1000100 )
#39999840000
0!
0%
#40041506500
1!
1%
b1000101 )
#40083173000
0!
0%
#40124839500
1!
1%
b1000110 )
#40166506000
0!
0%
#40208172500
1!
1%
b1000111 )
#40249839000
0!
0%
#40291505500
1!
1%
b1001000 )
#40333172000
0!
0%
#40374838500
1!
1%
b1001001 )
#40416505000
0!
0%
#40458171500
1!
1%
b1001010 )
#40499838000
0!
0%
#40541504500
1!
1%
b1001011 )
#40583171000
0!
0%
#40624837500
1!
1%
b1001100 )
#40666504000
0!
0%
#40708170500
1!
1%
b1001101 )
#40749837000
0!
0%
#40791503500
1!
1%
b1001110 )
#40833170000
0!
0%
#40874836500
1!
1%
b1001111 )
#40916503000
0!
0%
#40958169500
1!
1%
b1010000 )
#40999836000
0!
0%
#41041502500
1!
1%
b1010001 )
#41083169000
0!
0%
#41124835500
1!
1%
b1010010 )
#41166502000
0!
0%
#41208168500
1!
1%
b1010011 )
#41249835000
0!
0%
#41291501500
1!
1%
b1010100 )
#41333168000
0!
0%
#41374834500
1!
1%
b1010101 )
#41416501000
0!
0%
#41458167500
1!
1%
b1010110 )
#41499834000
0!
0%
#41541500500
1!
1%
b1010111 )
#41583167000
0!
0%
#41624833500
1!
1%
b1011000 )
#41666500000
0!
0%
#41708166500
1!
1%
b1011001 )
#41749833000
0!
0%
#41791499500
1!
1%
b1011010 )
#41833166000
0!
0%
#41874832500
1!
1%
b1011011 )
#41916499000
0!
0%
#41958165500
1!
1%
b1011100 )
#41999832000
0!
0%
#42041498500
1!
1%
b1011101 )
#42083165000
0!
0%
#42124831500
1!
1%
b1011110 )
#42166498000
0!
0%
#42208164500
1!
1%
b1011111 )
#42249831000
0!
0%
#42291497500
1!
1%
b1100000 )
#42333164000
0!
0%
#42374830500
1!
1%
b1100001 )
#42416497000
0!
0%
#42458163500
1!
1%
b1100010 )
#42499830000
0!
0%
#42541496500
1!
1%
b1100011 )
#42583163000
0!
0%
#42624829500
1!
1%
b0 )
#42666496000
0!
0%
#42708162500
1!
1$
1%
1(
b1 )
#42749829000
0!
0%
#42791495500
1!
1%
b10 )
#42833162000
0!
0%
#42874828500
1!
1%
b11 )
#42916495000
0!
0%
#42958161500
1!
1%
b100 )
#42999828000
0!
0%
#43041494500
1!
1%
b101 )
#43083161000
0!
0%
#43124827500
1!
1%
b110 )
#43166494000
0!
0%
#43208160500
1!
1%
b111 )
#43249827000
0!
0%
#43291493500
1!
1%
b1000 )
#43333160000
0!
0%
#43374826500
1!
1%
b1001 )
#43416493000
0!
0%
#43458159500
1!
1%
b1010 )
#43499826000
0!
0%
#43541492500
1!
1%
b1011 )
#43583159000
0!
0%
#43624825500
1!
1%
b1100 )
#43666492000
0!
0%
#43708158500
1!
1%
b1101 )
#43749825000
0!
0%
#43791491500
1!
1%
b1110 )
#43833158000
0!
0%
#43874824500
1!
1%
b1111 )
#43916491000
0!
0%
#43958157500
1!
1%
b10000 )
#43999824000
0!
0%
#44041490500
1!
1%
b10001 )
#44083157000
0!
0%
#44124823500
1!
1%
b10010 )
#44166490000
0!
0%
#44208156500
1!
1%
b10011 )
#44249823000
0!
0%
#44291489500
1!
1%
b10100 )
#44333156000
0!
0%
#44374822500
1!
1%
b10101 )
#44416489000
0!
0%
#44458155500
1!
1%
b10110 )
#44499822000
0!
0%
#44541488500
1!
1%
b10111 )
#44583155000
0!
0%
#44624821500
1!
1%
b11000 )
#44666488000
0!
0%
#44708154500
1!
1%
b11001 )
#44749821000
0!
0%
#44791487500
1!
0$
1%
0(
b11010 )
#44833154000
0!
0%
#44874820500
1!
1%
b11011 )
#44916487000
0!
0%
#44958153500
1!
1%
b11100 )
#44999820000
0!
0%
#45041486500
1!
1%
b11101 )
#45083153000
0!
0%
#45124819500
1!
1%
b11110 )
#45166486000
0!
0%
#45208152500
1!
1%
b11111 )
#45249819000
0!
0%
#45291485500
1!
1%
b100000 )
#45333152000
0!
0%
#45374818500
1!
1%
b100001 )
#45416485000
0!
0%
#45458151500
1!
1%
b100010 )
#45499818000
0!
0%
#45541484500
1!
1%
b100011 )
#45583151000
0!
0%
#45624817500
1!
1%
b100100 )
#45666484000
0!
0%
#45708150500
1!
1%
b100101 )
#45749817000
0!
0%
#45791483500
1!
1%
b100110 )
#45833150000
0!
0%
#45874816500
1!
1%
b100111 )
#45916483000
0!
0%
#45958149500
1!
1%
b101000 )
#45999816000
0!
0%
#46041482500
1!
1%
b101001 )
#46083149000
0!
0%
#46124815500
1!
1%
b101010 )
#46166482000
0!
0%
#46208148500
1!
1%
b101011 )
#46249815000
0!
0%
#46291481500
1!
1%
b101100 )
#46333148000
0!
0%
#46374814500
1!
1%
b101101 )
#46416481000
0!
0%
#46458147500
1!
1%
b101110 )
#46499814000
0!
0%
#46541480500
1!
1%
b101111 )
#46583147000
0!
0%
#46624813500
1!
1%
b110000 )
#46666480000
0!
0%
#46708146500
1!
1%
b110001 )
#46749813000
0!
0%
#46791479500
1!
1%
b110010 )
#46833146000
0!
0%
#46874812500
1!
1%
b110011 )
#46916479000
0!
0%
#46958145500
1!
1%
b110100 )
#46999812000
0!
0%
#47041478500
1!
1%
b110101 )
#47083145000
0!
0%
#47124811500
1!
1%
b110110 )
#47166478000
0!
0%
#47208144500
1!
1%
b110111 )
#47249811000
0!
0%
#47291477500
1!
1%
b111000 )
#47333144000
0!
0%
#47374810500
1!
1%
b111001 )
#47416477000
0!
0%
#47458143500
1!
1%
b111010 )
#47499810000
0!
0%
#47541476500
1!
1%
b111011 )
#47583143000
0!
0%
#47624809500
1!
1%
b111100 )
#47666476000
0!
0%
#47708142500
1!
1%
b111101 )
#47749809000
0!
0%
#47791475500
1!
1%
b111110 )
#47833142000
0!
0%
#47874808500
1!
1%
b111111 )
#47916475000
0!
0%
#47958141500
1!
1%
b1000000 )
#47999808000
0!
0%
#48041474500
1!
1%
b1000001 )
#48083141000
0!
0%
#48124807500
1!
1%
b1000010 )
#48166474000
0!
0%
#48208140500
1!
1%
b1000011 )
#48249807000
0!
0%
#48291473500
1!
1%
b1000100 )
#48333140000
0!
0%
#48374806500
1!
1%
b1000101 )
#48416473000
0!
0%
#48458139500
1!
1%
b1000110 )
#48499806000
0!
0%
#48541472500
1!
1%
b1000111 )
#48583139000
0!
0%
#48624805500
1!
1%
b1001000 )
#48666472000
0!
0%
#48708138500
1!
1%
b1001001 )
#48749805000
0!
0%
#48791471500
1!
1%
b1001010 )
#48833138000
0!
0%
#48874804500
1!
1%
b1001011 )
#48916471000
0!
0%
#48958137500
1!
1%
b1001100 )
#48999804000
0!
0%
#49041470500
1!
1%
b1001101 )
#49083137000
0!
0%
#49124803500
1!
1%
b1001110 )
#49166470000
0!
0%
#49208136500
1!
1%
b1001111 )
#49249803000
0!
0%
#49291469500
1!
1%
b1010000 )
#49333136000
0!
0%
#49374802500
1!
1%
b1010001 )
#49416469000
0!
0%
#49458135500
1!
1%
b1010010 )
#49499802000
0!
0%
#49541468500
1!
1%
b1010011 )
#49583135000
0!
0%
#49624801500
1!
1%
b1010100 )
#49666468000
0!
0%
#49708134500
1!
1%
b1010101 )
#49749801000
0!
0%
#49791467500
1!
1%
b1010110 )
#49833134000
0!
0%
#49874800500
1!
1%
b1010111 )
#49916467000
0!
0%
#49958133500
1!
1%
b1011000 )
#49999800000
0!
0%
#50041466500
1!
1%
b1011001 )
#50083133000
0!
0%
#50124799500
1!
1%
b1011010 )
#50166466000
0!
0%
#50208132500
1!
1%
b1011011 )
#50249799000
0!
0%
#50291465500
1!
1%
b1011100 )
#50333132000
0!
0%
#50374798500
1!
1%
b1011101 )
#50416465000
0!
0%
#50458131500
1!
1%
b1011110 )
#50499798000
0!
0%
#50541464500
1!
1%
b1011111 )
#50583131000
0!
0%
#50624797500
1!
1%
b1100000 )
#50666464000
0!
0%
#50708130500
1!
1%
b1100001 )
#50749797000
0!
0%
#50791463500
1!
1%
b1100010 )
#50833130000
0!
0%
#50874796500
1!
1%
b1100011 )
#50916463000
0!
0%
#50958129500
1!
1%
b0 )
#50999796000
0!
0%
#51041462500
1!
1$
1%
1(
b1 )
#51083129000
0!
0%
#51124795500
1!
1%
b10 )
#51166462000
0!
0%
#51208128500
1!
1%
b11 )
#51249795000
0!
0%
#51291461500
1!
1%
b100 )
#51333128000
0!
0%
#51374794500
1!
1%
b101 )
#51416461000
0!
0%
#51458127500
1!
1%
b110 )
#51499794000
0!
0%
#51541460500
1!
1%
b111 )
#51583127000
0!
0%
#51624793500
1!
1%
b1000 )
#51666460000
0!
0%
#51708126500
1!
1%
b1001 )
#51749793000
0!
0%
#51791459500
1!
1%
b1010 )
#51833126000
0!
0%
#51874792500
1!
1%
b1011 )
#51916459000
0!
0%
#51958125500
1!
1%
b1100 )
#51999792000
0!
0%
#52041458500
1!
1%
b1101 )
#52083125000
0!
0%
#52124791500
1!
1%
b1110 )
#52166458000
0!
0%
#52208124500
1!
1%
b1111 )
#52249791000
0!
0%
#52291457500
1!
1%
b10000 )
#52333124000
0!
0%
#52374790500
1!
1%
b10001 )
#52416457000
0!
0%
#52458123500
1!
1%
b10010 )
#52499790000
0!
0%
#52541456500
1!
1%
b10011 )
#52583123000
0!
0%
#52624789500
1!
1%
b10100 )
#52666456000
0!
0%
#52708122500
1!
1%
b10101 )
#52749789000
0!
0%
#52791455500
1!
1%
b10110 )
#52833122000
0!
0%
#52874788500
1!
1%
b10111 )
#52916455000
0!
0%
#52958121500
1!
1%
b11000 )
#52999788000
0!
0%
#53041454500
1!
1%
b11001 )
#53083121000
0!
0%
#53124787500
1!
0$
1%
0(
b11010 )
#53166454000
0!
0%
#53208120500
1!
1%
b11011 )
#53249787000
0!
0%
#53291453500
1!
1%
b11100 )
#53333120000
0!
0%
#53374786500
1!
1%
b11101 )
#53416453000
0!
0%
#53458119500
1!
1%
b11110 )
#53499786000
0!
0%
#53541452500
1!
1%
b11111 )
#53583119000
0!
0%
#53624785500
1!
1%
b100000 )
#53666452000
0!
0%
#53708118500
1!
1%
b100001 )
#53749785000
0!
0%
#53791451500
1!
1%
b100010 )
#53833118000
0!
0%
#53874784500
1!
1%
b100011 )
#53916451000
0!
0%
#53958117500
1!
1%
b100100 )
#53999784000
0!
0%
#54041450500
1!
1%
b100101 )
#54083117000
0!
0%
#54124783500
1!
1%
b100110 )
#54166450000
0!
0%
#54208116500
1!
1%
b100111 )
#54249783000
0!
0%
#54291449500
1!
1%
b101000 )
#54333116000
0!
0%
#54374782500
1!
1%
b101001 )
#54416449000
0!
0%
#54458115500
1!
1%
b101010 )
#54499782000
0!
0%
#54541448500
1!
1%
b101011 )
#54583115000
0!
0%
#54624781500
1!
1%
b101100 )
#54666448000
0!
0%
#54708114500
1!
1%
b101101 )
#54749781000
0!
0%
#54791447500
1!
1%
b101110 )
#54833114000
0!
0%
#54874780500
1!
1%
b101111 )
#54916447000
0!
0%
#54958113500
1!
1%
b110000 )
#54999780000
0!
0%
#55041446500
1!
1%
b110001 )
#55083113000
0!
0%
#55124779500
1!
1%
b110010 )
#55166446000
0!
0%
#55208112500
1!
1%
b110011 )
#55249779000
0!
0%
#55291445500
1!
1%
b110100 )
#55333112000
0!
0%
#55374778500
1!
1%
b110101 )
#55416445000
0!
0%
#55458111500
1!
1%
b110110 )
#55499778000
0!
0%
#55541444500
1!
1%
b110111 )
#55583111000
0!
0%
#55624777500
1!
1%
b111000 )
#55666444000
0!
0%
#55708110500
1!
1%
b111001 )
#55749777000
0!
0%
#55791443500
1!
1%
b111010 )
#55833110000
0!
0%
#55874776500
1!
1%
b111011 )
#55916443000
0!
0%
#55958109500
1!
1%
b111100 )
#55999776000
0!
0%
#56041442500
1!
1%
b111101 )
#56083109000
0!
0%
#56124775500
1!
1%
b111110 )
#56166442000
0!
0%
#56208108500
1!
1%
b111111 )
#56249775000
0!
0%
#56291441500
1!
1%
b1000000 )
#56333108000
0!
0%
#56374774500
1!
1%
b1000001 )
#56416441000
0!
0%
#56458107500
1!
1%
b1000010 )
#56499774000
0!
0%
#56541440500
1!
1%
b1000011 )
#56583107000
0!
0%
#56624773500
1!
1%
b1000100 )
#56666440000
0!
0%
#56708106500
1!
1%
b1000101 )
#56749773000
0!
0%
#56791439500
1!
1%
b1000110 )
#56833106000
0!
0%
#56874772500
1!
1%
b1000111 )
#56916439000
0!
0%
#56958105500
1!
1%
b1001000 )
#56999772000
0!
0%
#57041438500
1!
1%
b1001001 )
#57083105000
0!
0%
#57124771500
1!
1%
b1001010 )
#57166438000
0!
0%
#57208104500
1!
1%
b1001011 )
#57249771000
0!
0%
#57291437500
1!
1%
b1001100 )
#57333104000
0!
0%
#57374770500
1!
1%
b1001101 )
#57416437000
0!
0%
#57458103500
1!
1%
b1001110 )
#57499770000
0!
0%
#57541436500
1!
1%
b1001111 )
#57583103000
0!
0%
#57624769500
1!
1%
b1010000 )
#57666436000
0!
0%
#57708102500
1!
1%
b1010001 )
#57749769000
0!
0%
#57791435500
1!
1%
b1010010 )
#57833102000
0!
0%
#57874768500
1!
1%
b1010011 )
#57916435000
0!
0%
#57958101500
1!
1%
b1010100 )
#57999768000
0!
0%
#58041434500
1!
1%
b1010101 )
#58083101000
0!
0%
#58124767500
1!
1%
b1010110 )
#58166434000
0!
0%
#58208100500
1!
1%
b1010111 )
#58249767000
0!
0%
#58291433500
1!
1%
b1011000 )
#58333100000
0!
0%
#58374766500
1!
1%
b1011001 )
#58416433000
0!
0%
#58458099500
1!
1%
b1011010 )
#58499766000
0!
0%
#58541432500
1!
1%
b1011011 )
#58583099000
0!
0%
#58624765500
1!
1%
b1011100 )
#58666432000
0!
0%
#58708098500
1!
1%
b1011101 )
#58749765000
0!
0%
#58791431500
1!
1%
b1011110 )
#58833098000
0!
0%
#58874764500
1!
1%
b1011111 )
#58916431000
0!
0%
#58958097500
1!
1%
b1100000 )
#58999764000
0!
0%
#59041430500
1!
1%
b1100001 )
#59083097000
0!
0%
#59124763500
1!
1%
b1100010 )
#59166430000
0!
0%
#59208096500
1!
1%
b1100011 )
#59249763000
0!
0%
#59291429500
1!
1%
b0 )
#59333096000
0!
0%
#59374762500
1!
1$
1%
1(
b1 )
#59416429000
0!
0%
#59458095500
1!
1%
b10 )
#59499762000
0!
0%
#59541428500
1!
1%
b11 )
#59583095000
0!
0%
#59624761500
1!
1%
b100 )
#59666428000
0!
0%
#59708094500
1!
1%
b101 )
#59749761000
0!
0%
#59791427500
1!
1%
b110 )
#59833094000
0!
0%
#59874760500
1!
1%
b111 )
#59916427000
0!
0%
#59958093500
1!
1%
b1000 )
#59999760000
0!
0%
#60041426500
1!
1%
b1001 )
#60083093000
0!
0%
#60124759500
1!
1%
b1010 )
#60166426000
0!
0%
#60208092500
1!
1%
b1011 )
#60249759000
0!
0%
#60291425500
1!
1%
b1100 )
#60333092000
0!
0%
#60374758500
1!
1%
b1101 )
#60416425000
0!
0%
#60458091500
1!
1%
b1110 )
#60499758000
0!
0%
#60541424500
1!
1%
b1111 )
#60583091000
0!
0%
#60624757500
1!
1%
b10000 )
#60666424000
0!
0%
#60708090500
1!
1%
b10001 )
#60749757000
0!
0%
#60791423500
1!
1%
b10010 )
#60833090000
0!
0%
#60874756500
1!
1%
b10011 )
#60916423000
0!
0%
#60958089500
1!
1%
b10100 )
#60999756000
0!
0%
#61041422500
1!
1%
b10101 )
#61083089000
0!
0%
#61124755500
1!
1%
b10110 )
#61166422000
0!
0%
#61208088500
1!
1%
b10111 )
#61249755000
0!
0%
#61291421500
1!
1%
b11000 )
#61333088000
0!
0%
#61374754500
1!
1%
b11001 )
#61416421000
0!
0%
#61458087500
1!
0$
1%
0(
b11010 )
#61499754000
0!
0%
#61541420500
1!
1%
b11011 )
#61583087000
0!
0%
#61624753500
1!
1%
b11100 )
#61666420000
0!
0%
#61708086500
1!
1%
b11101 )
#61749753000
0!
0%
#61791419500
1!
1%
b11110 )
#61833086000
0!
0%
#61874752500
1!
1%
b11111 )
#61916419000
0!
0%
#61958085500
1!
1%
b100000 )
#61999752000
0!
0%
#62041418500
1!
1%
b100001 )
#62083085000
0!
0%
#62124751500
1!
1%
b100010 )
#62166418000
0!
0%
#62208084500
1!
1%
b100011 )
#62249751000
0!
0%
#62291417500
1!
1%
b100100 )
#62333084000
0!
0%
#62374750500
1!
1%
b100101 )
#62416417000
0!
0%
#62458083500
1!
1%
b100110 )
#62499750000
0!
0%
#62541416500
1!
1%
b100111 )
#62583083000
0!
0%
#62624749500
1!
1%
b101000 )
#62666416000
0!
0%
#62708082500
1!
1%
b101001 )
#62749749000
0!
0%
#62791415500
1!
1%
b101010 )
#62833082000
0!
0%
#62874748500
1!
1%
b101011 )
#62916415000
0!
0%
#62958081500
1!
1%
b101100 )
#62999748000
0!
0%
#63041414500
1!
1%
b101101 )
#63083081000
0!
0%
#63124747500
1!
1%
b101110 )
#63166414000
0!
0%
#63208080500
1!
1%
b101111 )
#63249747000
0!
0%
#63291413500
1!
1%
b110000 )
#63333080000
0!
0%
#63374746500
1!
1%
b110001 )
#63416413000
0!
0%
#63458079500
1!
1%
b110010 )
#63499746000
0!
0%
#63541412500
1!
1%
b110011 )
#63583079000
0!
0%
#63624745500
1!
1%
b110100 )
#63666412000
0!
0%
#63708078500
1!
1%
b110101 )
#63749745000
0!
0%
#63791411500
1!
1%
b110110 )
#63833078000
0!
0%
#63874744500
1!
1%
b110111 )
#63916411000
0!
0%
#63958077500
1!
1%
b111000 )
#63999744000
0!
0%
#64041410500
1!
1%
b111001 )
#64083077000
0!
0%
#64124743500
1!
1%
b111010 )
#64166410000
0!
0%
#64208076500
1!
1%
b111011 )
#64249743000
0!
0%
#64291409500
1!
1%
b111100 )
#64333076000
0!
0%
#64374742500
1!
1%
b111101 )
#64416409000
0!
0%
#64458075500
1!
1%
b111110 )
#64499742000
0!
0%
#64541408500
1!
1%
b111111 )
#64583075000
0!
0%
#64624741500
1!
1%
b1000000 )
#64666408000
0!
0%
#64708074500
1!
1%
b1000001 )
#64749741000
0!
0%
#64791407500
1!
1%
b1000010 )
#64833074000
0!
0%
#64874740500
1!
1%
b1000011 )
#64916407000
0!
0%
#64958073500
1!
1%
b1000100 )
#64999740000
0!
0%
#65041406500
1!
1%
b1000101 )
#65083073000
0!
0%
#65124739500
1!
1%
b1000110 )
#65166406000
0!
0%
#65208072500
1!
1%
b1000111 )
#65249739000
0!
0%
#65291405500
1!
1%
b1001000 )
#65333072000
0!
0%
#65374738500
1!
1%
b1001001 )
#65416405000
0!
0%
#65458071500
1!
1%
b1001010 )
#65499738000
0!
0%
#65541404500
1!
1%
b1001011 )
#65583071000
0!
0%
#65624737500
1!
1%
b1001100 )
#65666404000
0!
0%
#65708070500
1!
1%
b1001101 )
#65749737000
0!
0%
#65791403500
1!
1%
b1001110 )
#65833070000
0!
0%
#65874736500
1!
1%
b1001111 )
#65916403000
0!
0%
#65958069500
1!
1%
b1010000 )
#65999736000
0!
0%
#66041402500
1!
1%
b1010001 )
#66083069000
0!
0%
#66124735500
1!
1%
b1010010 )
#66166402000
0!
0%
#66208068500
1!
1%
b1010011 )
#66249735000
0!
0%
#66291401500
1!
1%
b1010100 )
#66333068000
0!
0%
#66374734500
1!
1%
b1010101 )
#66416401000
0!
0%
#66458067500
1!
1%
b1010110 )
#66499734000
0!
0%
#66541400500
1!
1%
b1010111 )
#66583067000
0!
0%
#66624733500
1!
1%
b1011000 )
#66666400000
0!
0%
#66708066500
1!
1%
b1011001 )
#66749733000
0!
0%
#66791399500
1!
1%
b1011010 )
#66833066000
0!
0%
#66874732500
1!
1%
b1011011 )
#66916399000
0!
0%
#66958065500
1!
1%
b1011100 )
#66999732000
0!
0%
#67041398500
1!
1%
b1011101 )
#67083065000
0!
0%
#67124731500
1!
1%
b1011110 )
#67166398000
0!
0%
#67208064500
1!
1%
b1011111 )
#67249731000
0!
0%
#67291397500
1!
1%
b1100000 )
#67333064000
0!
0%
#67374730500
1!
1%
b1100001 )
#67416397000
0!
0%
#67458063500
1!
1%
b1100010 )
#67499730000
0!
0%
#67541396500
1!
1%
b1100011 )
#67583063000
0!
0%
#67624729500
1!
1%
b0 )
#67666396000
0!
0%
#67708062500
1!
1$
1%
1(
b1 )
#67749729000
0!
0%
#67791395500
1!
1%
b10 )
#67833062000
0!
0%
#67874728500
1!
1%
b11 )
#67916395000
0!
0%
#67958061500
1!
1%
b100 )
#67999728000
0!
0%
#68041394500
1!
1%
b101 )
#68083061000
0!
0%
#68124727500
1!
1%
b110 )
#68166394000
0!
0%
#68208060500
1!
1%
b111 )
#68249727000
0!
0%
#68291393500
1!
1%
b1000 )
#68333060000
0!
0%
#68374726500
1!
1%
b1001 )
#68416393000
0!
0%
#68458059500
1!
1%
b1010 )
#68499726000
0!
0%
#68541392500
1!
1%
b1011 )
#68583059000
0!
0%
#68624725500
1!
1%
b1100 )
#68666392000
0!
0%
#68708058500
1!
1%
b1101 )
#68749725000
0!
0%
#68791391500
1!
1%
b1110 )
#68833058000
0!
0%
#68874724500
1!
1%
b1111 )
#68916391000
0!
0%
#68958057500
1!
1%
b10000 )
#68999724000
0!
0%
#69041390500
1!
1%
b10001 )
#69083057000
0!
0%
#69124723500
1!
1%
b10010 )
#69166390000
0!
0%
#69208056500
1!
1%
b10011 )
#69249723000
0!
0%
#69291389500
1!
1%
b10100 )
#69333056000
0!
0%
#69374722500
1!
1%
b10101 )
#69416389000
0!
0%
#69458055500
1!
1%
b10110 )
#69499722000
0!
0%
#69541388500
1!
1%
b10111 )
#69583055000
0!
0%
#69624721500
1!
1%
b11000 )
#69666388000
0!
0%
#69708054500
1!
1%
b11001 )
#69749721000
0!
0%
#69791387500
1!
0$
1%
0(
b11010 )
#69833054000
0!
0%
#69874720500
1!
1%
b11011 )
#69916387000
0!
0%
#69958053500
1!
1%
b11100 )
#69999720000
0!
0%
#70041386500
1!
1%
b11101 )
#70083053000
0!
0%
#70124719500
1!
1%
b11110 )
#70166386000
0!
0%
#70208052500
1!
1%
b11111 )
#70249719000
0!
0%
#70291385500
1!
1%
b100000 )
#70333052000
0!
0%
#70374718500
1!
1%
b100001 )
#70416385000
0!
0%
#70458051500
1!
1%
b100010 )
#70499718000
0!
0%
#70541384500
1!
1%
b100011 )
#70583051000
0!
0%
#70624717500
1!
1%
b100100 )
#70666384000
0!
0%
#70708050500
1!
1%
b100101 )
#70749717000
0!
0%
#70791383500
1!
1%
b100110 )
#70833050000
0!
0%
#70874716500
1!
1%
b100111 )
#70916383000
0!
0%
#70958049500
1!
1%
b101000 )
#70999716000
0!
0%
#71041382500
1!
1%
b101001 )
#71083049000
0!
0%
#71124715500
1!
1%
b101010 )
#71166382000
0!
0%
#71208048500
1!
1%
b101011 )
#71249715000
0!
0%
#71291381500
1!
1%
b101100 )
#71333048000
0!
0%
#71374714500
1!
1%
b101101 )
#71416381000
0!
0%
#71458047500
1!
1%
b101110 )
#71499714000
0!
0%
#71541380500
1!
1%
b101111 )
#71583047000
0!
0%
#71624713500
1!
1%
b110000 )
#71666380000
0!
0%
#71708046500
1!
1%
b110001 )
#71749713000
0!
0%
#71791379500
1!
1%
b110010 )
#71833046000
0!
0%
#71874712500
1!
1%
b110011 )
#71916379000
0!
0%
#71958045500
1!
1%
b110100 )
#71999712000
0!
0%
#72041378500
1!
1%
b110101 )
#72083045000
0!
0%
#72124711500
1!
1%
b110110 )
#72166378000
0!
0%
#72208044500
1!
1%
b110111 )
#72249711000
0!
0%
#72291377500
1!
1%
b111000 )
#72333044000
0!
0%
#72374710500
1!
1%
b111001 )
#72416377000
0!
0%
#72458043500
1!
1%
b111010 )
#72499710000
0!
0%
#72541376500
1!
1%
b111011 )
#72583043000
0!
0%
#72624709500
1!
1%
b111100 )
#72666376000
0!
0%
#72708042500
1!
1%
b111101 )
#72749709000
0!
0%
#72791375500
1!
1%
b111110 )
#72833042000
0!
0%
#72874708500
1!
1%
b111111 )
#72916375000
0!
0%
#72958041500
1!
1%
b1000000 )
#72999708000
0!
0%
#73041374500
1!
1%
b1000001 )
#73083041000
0!
0%
#73124707500
1!
1%
b1000010 )
#73166374000
0!
0%
#73208040500
1!
1%
b1000011 )
#73249707000
0!
0%
#73291373500
1!
1%
b1000100 )
#73333040000
0!
0%
#73374706500
1!
1%
b1000101 )
#73416373000
0!
0%
#73458039500
1!
1%
b1000110 )
#73499706000
0!
0%
#73541372500
1!
1%
b1000111 )
#73583039000
0!
0%
#73624705500
1!
1%
b1001000 )
#73666372000
0!
0%
#73708038500
1!
1%
b1001001 )
#73749705000
0!
0%
#73791371500
1!
1%
b1001010 )
#73833038000
0!
0%
#73874704500
1!
1%
b1001011 )
#73916371000
0!
0%
#73958037500
1!
1%
b1001100 )
#73999704000
0!
0%
#74041370500
1!
1%
b1001101 )
#74083037000
0!
0%
#74124703500
1!
1%
b1001110 )
#74166370000
0!
0%
#74208036500
1!
1%
b1001111 )
#74249703000
0!
0%
#74291369500
1!
1%
b1010000 )
#74333036000
0!
0%
#74374702500
1!
1%
b1010001 )
#74416369000
0!
0%
#74458035500
1!
1%
b1010010 )
#74499702000
0!
0%
#74541368500
1!
1%
b1010011 )
#74583035000
0!
0%
#74624701500
1!
1%
b1010100 )
#74666368000
0!
0%
#74708034500
1!
1%
b1010101 )
#74749701000
0!
0%
#74791367500
1!
1%
b1010110 )
#74833034000
0!
0%
#74874700500
1!
1%
b1010111 )
#74916367000
0!
0%
#74958033500
1!
1%
b1011000 )
#74999700000
0!
0%
#75041366500
1!
1%
b1011001 )
#75083033000
0!
0%
#75124699500
1!
1%
b1011010 )
#75166366000
0!
0%
#75208032500
1!
1%
b1011011 )
#75249699000
0!
0%
#75291365500
1!
1%
b1011100 )
#75333032000
0!
0%
#75374698500
1!
1%
b1011101 )
#75416365000
0!
0%
#75458031500
1!
1%
b1011110 )
#75499698000
0!
0%
#75541364500
1!
1%
b1011111 )
#75583031000
0!
0%
#75624697500
1!
1%
b1100000 )
#75666364000
0!
0%
#75708030500
1!
1%
b1100001 )
#75749697000
0!
0%
#75791363500
1!
1%
b1100010 )
#75833030000
0!
0%
#75874696500
1!
1%
b1100011 )
#75916363000
0!
0%
#75958029500
1!
1%
b0 )
#75999696000
0!
0%
#76041362500
1!
1$
1%
1(
b1 )
#76083029000
0!
0%
#76124695500
1!
1%
b10 )
#76166362000
0!
0%
#76208028500
1!
1%
b11 )
#76249695000
0!
0%
#76291361500
1!
1%
b100 )
#76333028000
0!
0%
#76374694500
1!
1%
b101 )
#76416361000
0!
0%
#76458027500
1!
1%
b110 )
#76499694000
0!
0%
#76541360500
1!
1%
b111 )
#76583027000
0!
0%
#76624693500
1!
1%
b1000 )
#76666360000
0!
0%
#76708026500
1!
1%
b1001 )
#76749693000
0!
0%
#76791359500
1!
1%
b1010 )
#76833026000
0!
0%
#76874692500
1!
1%
b1011 )
#76916359000
0!
0%
#76958025500
1!
1%
b1100 )
#76999692000
0!
0%
#77041358500
1!
1%
b1101 )
#77083025000
0!
0%
#77124691500
1!
1%
b1110 )
#77166358000
0!
0%
#77208024500
1!
1%
b1111 )
#77249691000
0!
0%
#77291357500
1!
1%
b10000 )
#77333024000
0!
0%
#77374690500
1!
1%
b10001 )
#77416357000
0!
0%
#77458023500
1!
1%
b10010 )
#77499690000
0!
0%
#77541356500
1!
1%
b10011 )
#77583023000
0!
0%
#77624689500
1!
1%
b10100 )
#77666356000
0!
0%
#77708022500
1!
1%
b10101 )
#77749689000
0!
0%
#77791355500
1!
1%
b10110 )
#77833022000
0!
0%
#77874688500
1!
1%
b10111 )
#77916355000
0!
0%
#77958021500
1!
1%
b11000 )
#77999688000
0!
0%
#78041354500
1!
1%
b11001 )
#78083021000
0!
0%
#78124687500
1!
0$
1%
0(
b11010 )
#78166354000
0!
0%
#78208020500
1!
1%
b11011 )
#78249687000
0!
0%
#78291353500
1!
1%
b11100 )
#78333020000
0!
0%
#78374686500
1!
1%
b11101 )
#78416353000
0!
0%
#78458019500
1!
1%
b11110 )
#78499686000
0!
0%
#78541352500
1!
1%
b11111 )
#78583019000
0!
0%
#78624685500
1!
1%
b100000 )
#78666352000
0!
0%
#78708018500
1!
1%
b100001 )
#78749685000
0!
0%
#78791351500
1!
1%
b100010 )
#78833018000
0!
0%
#78874684500
1!
1%
b100011 )
#78916351000
0!
0%
#78958017500
1!
1%
b100100 )
#78999684000
0!
0%
#79041350500
1!
1%
b100101 )
#79083017000
0!
0%
#79124683500
1!
1%
b100110 )
#79166350000
0!
0%
#79208016500
1!
1%
b100111 )
#79249683000
0!
0%
#79291349500
1!
1%
b101000 )
#79333016000
0!
0%
#79374682500
1!
1%
b101001 )
#79416349000
0!
0%
#79458015500
1!
1%
b101010 )
#79499682000
0!
0%
#79541348500
1!
1%
b101011 )
#79583015000
0!
0%
#79624681500
1!
1%
b101100 )
#79666348000
0!
0%
#79708014500
1!
1%
b101101 )
#79749681000
0!
0%
#79791347500
1!
1%
b101110 )
#79833014000
0!
0%
#79874680500
1!
1%
b101111 )
#79916347000
0!
0%
#79958013500
1!
1%
b110000 )
#79999680000
0!
0%
#80041346500
1!
1%
b110001 )
#80083013000
0!
0%
#80124679500
1!
1%
b110010 )
#80166346000
0!
0%
#80208012500
1!
1%
b110011 )
#80249679000
0!
0%
#80291345500
1!
1%
b110100 )
#80333012000
0!
0%
#80374678500
1!
1%
b110101 )
#80416345000
0!
0%
#80458011500
1!
1%
b110110 )
#80499678000
0!
0%
#80541344500
1!
1%
b110111 )
#80583011000
0!
0%
#80624677500
1!
1%
b111000 )
#80666344000
0!
0%
#80708010500
1!
1%
b111001 )
#80749677000
0!
0%
#80791343500
1!
1%
b111010 )
#80833010000
0!
0%
#80874676500
1!
1%
b111011 )
#80916343000
0!
0%
#80958009500
1!
1%
b111100 )
#80999676000
0!
0%
#81041342500
1!
1%
b111101 )
#81083009000
0!
0%
#81124675500
1!
1%
b111110 )
#81166342000
0!
0%
#81208008500
1!
1%
b111111 )
#81249675000
0!
0%
#81291341500
1!
1%
b1000000 )
#81333008000
0!
0%
#81374674500
1!
1%
b1000001 )
#81416341000
0!
0%
#81458007500
1!
1%
b1000010 )
#81499674000
0!
0%
#81541340500
1!
1%
b1000011 )
#81583007000
0!
0%
#81624673500
1!
1%
b1000100 )
#81666340000
0!
0%
#81708006500
1!
1%
b1000101 )
#81749673000
0!
0%
#81791339500
1!
1%
b1000110 )
#81833006000
0!
0%
#81874672500
1!
1%
b1000111 )
#81916339000
0!
0%
#81958005500
1!
1%
b1001000 )
#81999672000
0!
0%
#82041338500
1!
1%
b1001001 )
#82083005000
0!
0%
#82124671500
1!
1%
b1001010 )
#82166338000
0!
0%
#82208004500
1!
1%
b1001011 )
#82249671000
0!
0%
#82291337500
1!
1%
b1001100 )
#82333004000
0!
0%
#82374670500
1!
1%
b1001101 )
#82416337000
0!
0%
#82458003500
1!
1%
b1001110 )
#82499670000
0!
0%
#82541336500
1!
1%
b1001111 )
#82583003000
0!
0%
#82624669500
1!
1%
b1010000 )
#82666336000
0!
0%
#82708002500
1!
1%
b1010001 )
#82749669000
0!
0%
#82791335500
1!
1%
b1010010 )
#82833002000
0!
0%
#82874668500
1!
1%
b1010011 )
#82916335000
0!
0%
#82958001500
1!
1%
b1010100 )
#82999668000
0!
0%
#83041334500
1!
1%
b1010101 )
#83083001000
0!
0%
#83124667500
1!
1%
b1010110 )
#83166334000
0!
0%
#83208000500
1!
1%
b1010111 )
#83249667000
0!
0%
#83291333500
1!
1%
b1011000 )
#83333000000
0!
0%
#83374666500
1!
1%
b1011001 )
#83416333000
0!
0%
#83457999500
1!
1%
b1011010 )
#83499666000
0!
0%
#83541332500
1!
1%
b1011011 )
#83582999000
0!
0%
#83624665500
1!
1%
b1011100 )
#83666332000
0!
0%
#83707998500
1!
1%
b1011101 )
#83749665000
0!
0%
#83791331500
1!
1%
b1011110 )
#83832998000
0!
0%
#83874664500
1!
1%
b1011111 )
#83916331000
0!
0%
#83957997500
1!
1%
b1100000 )
#83999664000
0!
0%
#84041330500
1!
1%
b1100001 )
#84082997000
0!
0%
#84124663500
1!
1%
b1100010 )
#84166330000
0!
0%
#84207996500
1!
1%
b1100011 )
#84249663000
0!
0%
#84291329500
1!
1%
b0 )
#84332996000
0!
0%
#84374662500
1!
1$
1%
1(
b1 )
#84416329000
0!
0%
#84457995500
1!
1%
b10 )
#84499662000
0!
0%
#84541328500
1!
1%
b11 )
#84582995000
0!
0%
#84624661500
1!
1%
b100 )
#84666328000
0!
0%
#84707994500
1!
1%
b101 )
#84749661000
0!
0%
#84791327500
1!
1%
b110 )
#84832994000
0!
0%
#84874660500
1!
1%
b111 )
#84916327000
0!
0%
#84957993500
1!
1%
b1000 )
#84999660000
0!
0%
#85041326500
1!
1%
b1001 )
#85082993000
0!
0%
#85124659500
1!
1%
b1010 )
#85166326000
0!
0%
#85207992500
1!
1%
b1011 )
#85249659000
0!
0%
#85291325500
1!
1%
b1100 )
#85332992000
0!
0%
#85374658500
1!
1%
b1101 )
#85416325000
0!
0%
#85457991500
1!
1%
b1110 )
#85499658000
0!
0%
#85541324500
1!
1%
b1111 )
#85582991000
0!
0%
#85624657500
1!
1%
b10000 )
#85666324000
0!
0%
#85707990500
1!
1%
b10001 )
#85749657000
0!
0%
#85791323500
1!
1%
b10010 )
#85832990000
0!
0%
#85874656500
1!
1%
b10011 )
#85916323000
0!
0%
#85957989500
1!
1%
b10100 )
#85999656000
0!
0%
#86041322500
1!
1%
b10101 )
#86082989000
0!
0%
#86124655500
1!
1%
b10110 )
#86166322000
0!
0%
#86207988500
1!
1%
b10111 )
#86249655000
0!
0%
#86291321500
1!
1%
b11000 )
#86332988000
0!
0%
#86374654500
1!
1%
b11001 )
#86416321000
0!
0%
#86457987500
1!
0$
1%
0(
b11010 )
#86499654000
0!
0%
#86541320500
1!
1%
b11011 )
#86582987000
0!
0%
#86624653500
1!
1%
b11100 )
#86666320000
0!
0%
#86707986500
1!
1%
b11101 )
#86749653000
0!
0%
#86791319500
1!
1%
b11110 )
#86832986000
0!
0%
#86874652500
1!
1%
b11111 )
#86916319000
0!
0%
#86957985500
1!
1%
b100000 )
#86999652000
0!
0%
#87041318500
1!
1%
b100001 )
#87082985000
0!
0%
#87124651500
1!
1%
b100010 )
#87166318000
0!
0%
#87207984500
1!
1%
b100011 )
#87249651000
0!
0%
#87291317500
1!
1%
b100100 )
#87332984000
0!
0%
#87374650500
1!
1%
b100101 )
#87416317000
0!
0%
#87457983500
1!
1%
b100110 )
#87499650000
0!
0%
#87541316500
1!
1%
b100111 )
#87582983000
0!
0%
#87624649500
1!
1%
b101000 )
#87666316000
0!
0%
#87707982500
1!
1%
b101001 )
#87749649000
0!
0%
#87791315500
1!
1%
b101010 )
#87832982000
0!
0%
#87874648500
1!
1%
b101011 )
#87916315000
0!
0%
#87957981500
1!
1%
b101100 )
#87999648000
0!
0%
#88041314500
1!
1%
b101101 )
#88082981000
0!
0%
#88124647500
1!
1%
b101110 )
#88166314000
0!
0%
#88207980500
1!
1%
b101111 )
#88249647000
0!
0%
#88291313500
1!
1%
b110000 )
#88332980000
0!
0%
#88374646500
1!
1%
b110001 )
#88416313000
0!
0%
#88457979500
1!
1%
b110010 )
#88499646000
0!
0%
#88541312500
1!
1%
b110011 )
#88582979000
0!
0%
#88624645500
1!
1%
b110100 )
#88666312000
0!
0%
#88707978500
1!
1%
b110101 )
#88749645000
0!
0%
#88791311500
1!
1%
b110110 )
#88832978000
0!
0%
#88874644500
1!
1%
b110111 )
#88916311000
0!
0%
#88957977500
1!
1%
b111000 )
#88999644000
0!
0%
#89041310500
1!
1%
b111001 )
#89082977000
0!
0%
#89124643500
1!
1%
b111010 )
#89166310000
0!
0%
#89207976500
1!
1%
b111011 )
#89249643000
0!
0%
#89291309500
1!
1%
b111100 )
#89332976000
0!
0%
#89374642500
1!
1%
b111101 )
#89416309000
0!
0%
#89457975500
1!
1%
b111110 )
#89499642000
0!
0%
#89541308500
1!
1%
b111111 )
#89582975000
0!
0%
#89624641500
1!
1%
b1000000 )
#89666308000
0!
0%
#89707974500
1!
1%
b1000001 )
#89749641000
0!
0%
#89791307500
1!
1%
b1000010 )
#89832974000
0!
0%
#89874640500
1!
1%
b1000011 )
#89916307000
0!
0%
#89957973500
1!
1%
b1000100 )
#89999640000
0!
0%
#90041306500
1!
1%
b1000101 )
#90082973000
0!
0%
#90124639500
1!
1%
b1000110 )
#90166306000
0!
0%
#90207972500
1!
1%
b1000111 )
#90249639000
0!
0%
#90291305500
1!
1%
b1001000 )
#90332972000
0!
0%
#90374638500
1!
1%
b1001001 )
#90416305000
0!
0%
#90457971500
1!
1%
b1001010 )
#90499638000
0!
0%
#90541304500
1!
1%
b1001011 )
#90582971000
0!
0%
#90624637500
1!
1%
b1001100 )
#90666304000
0!
0%
#90707970500
1!
1%
b1001101 )
#90749637000
0!
0%
#90791303500
1!
1%
b1001110 )
#90832970000
0!
0%
#90874636500
1!
1%
b1001111 )
#90916303000
0!
0%
#90957969500
1!
1%
b1010000 )
#90999636000
0!
0%
#91041302500
1!
1%
b1010001 )
#91082969000
0!
0%
#91124635500
1!
1%
b1010010 )
#91166302000
0!
0%
#91207968500
1!
1%
b1010011 )
#91249635000
0!
0%
#91291301500
1!
1%
b1010100 )
#91332968000
0!
0%
#91374634500
1!
1%
b1010101 )
#91416301000
0!
0%
#91457967500
1!
1%
b1010110 )
#91499634000
0!
0%
#91541300500
1!
1%
b1010111 )
#91582967000
0!
0%
#91624633500
1!
1%
b1011000 )
#91666300000
0!
0%
#91707966500
1!
1%
b1011001 )
#91749633000
0!
0%
#91791299500
1!
1%
b1011010 )
#91832966000
0!
0%
#91874632500
1!
1%
b1011011 )
#91916299000
0!
0%
#91957965500
1!
1%
b1011100 )
#91999632000
0!
0%
#92041298500
1!
1%
b1011101 )
#92082965000
0!
0%
#92124631500
1!
1%
b1011110 )
#92166298000
0!
0%
#92207964500
1!
1%
b1011111 )
#92249631000
0!
0%
#92291297500
1!
1%
b1100000 )
#92332964000
0!
0%
#92374630500
1!
1%
b1100001 )
#92416297000
0!
0%
#92457963500
1!
1%
b1100010 )
#92499630000
0!
0%
#92541296500
1!
1%
b1100011 )
#92582963000
0!
0%
#92624629500
1!
1%
b0 )
#92666296000
0!
0%
#92707962500
1!
1$
1%
1(
b1 )
#92749629000
0!
0%
#92791295500
1!
1%
b10 )
#92832962000
0!
0%
#92874628500
1!
1%
b11 )
#92916295000
0!
0%
#92957961500
1!
1%
b100 )
#92999628000
0!
0%
#93041294500
1!
1%
b101 )
#93082961000
0!
0%
#93124627500
1!
1%
b110 )
#93166294000
0!
0%
#93207960500
1!
1%
b111 )
#93249627000
0!
0%
#93291293500
1!
1%
b1000 )
#93332960000
0!
0%
#93374626500
1!
1%
b1001 )
#93416293000
0!
0%
#93457959500
1!
1%
b1010 )
#93499626000
0!
0%
#93541292500
1!
1%
b1011 )
#93582959000
0!
0%
#93624625500
1!
1%
b1100 )
#93666292000
0!
0%
#93707958500
1!
1%
b1101 )
#93749625000
0!
0%
#93791291500
1!
1%
b1110 )
#93832958000
0!
0%
#93874624500
1!
1%
b1111 )
#93916291000
0!
0%
#93957957500
1!
1%
b10000 )
#93999624000
0!
0%
#94041290500
1!
1%
b10001 )
#94082957000
0!
0%
#94124623500
1!
1%
b10010 )
#94166290000
0!
0%
#94207956500
1!
1%
b10011 )
#94249623000
0!
0%
#94291289500
1!
1%
b10100 )
#94332956000
0!
0%
#94374622500
1!
1%
b10101 )
#94416289000
0!
0%
#94457955500
1!
1%
b10110 )
#94499622000
0!
0%
#94541288500
1!
1%
b10111 )
#94582955000
0!
0%
#94624621500
1!
1%
b11000 )
#94666288000
0!
0%
#94707954500
1!
1%
b11001 )
#94749621000
0!
0%
#94791287500
1!
0$
1%
0(
b11010 )
#94832954000
0!
0%
#94874620500
1!
1%
b11011 )
#94916287000
0!
0%
#94957953500
1!
1%
b11100 )
#94999620000
0!
0%
#95041286500
1!
1%
b11101 )
#95082953000
0!
0%
#95124619500
1!
1%
b11110 )
#95166286000
0!
0%
#95207952500
1!
1%
b11111 )
#95249619000
0!
0%
#95291285500
1!
1%
b100000 )
#95332952000
0!
0%
#95374618500
1!
1%
b100001 )
#95416285000
0!
0%
#95457951500
1!
1%
b100010 )
#95499618000
0!
0%
#95541284500
1!
1%
b100011 )
#95582951000
0!
0%
#95624617500
1!
1%
b100100 )
#95666284000
0!
0%
#95707950500
1!
1%
b100101 )
#95749617000
0!
0%
#95791283500
1!
1%
b100110 )
#95832950000
0!
0%
#95874616500
1!
1%
b100111 )
#95916283000
0!
0%
#95957949500
1!
1%
b101000 )
#95999616000
0!
0%
#96041282500
1!
1%
b101001 )
#96082949000
0!
0%
#96124615500
1!
1%
b101010 )
#96166282000
0!
0%
#96207948500
1!
1%
b101011 )
#96249615000
0!
0%
#96291281500
1!
1%
b101100 )
#96332948000
0!
0%
#96374614500
1!
1%
b101101 )
#96416281000
0!
0%
#96457947500
1!
1%
b101110 )
#96499614000
0!
0%
#96541280500
1!
1%
b101111 )
#96582947000
0!
0%
#96624613500
1!
1%
b110000 )
#96666280000
0!
0%
#96707946500
1!
1%
b110001 )
#96749613000
0!
0%
#96791279500
1!
1%
b110010 )
#96832946000
0!
0%
#96874612500
1!
1%
b110011 )
#96916279000
0!
0%
#96957945500
1!
1%
b110100 )
#96999612000
0!
0%
#97041278500
1!
1%
b110101 )
#97082945000
0!
0%
#97124611500
1!
1%
b110110 )
#97166278000
0!
0%
#97207944500
1!
1%
b110111 )
#97249611000
0!
0%
#97291277500
1!
1%
b111000 )
#97332944000
0!
0%
#97374610500
1!
1%
b111001 )
#97416277000
0!
0%
#97457943500
1!
1%
b111010 )
#97499610000
0!
0%
#97541276500
1!
1%
b111011 )
#97582943000
0!
0%
#97624609500
1!
1%
b111100 )
#97666276000
0!
0%
#97707942500
1!
1%
b111101 )
#97749609000
0!
0%
#97791275500
1!
1%
b111110 )
#97832942000
0!
0%
#97874608500
1!
1%
b111111 )
#97916275000
0!
0%
#97957941500
1!
1%
b1000000 )
#97999608000
0!
0%
#98041274500
1!
1%
b1000001 )
#98082941000
0!
0%
#98124607500
1!
1%
b1000010 )
#98166274000
0!
0%
#98207940500
1!
1%
b1000011 )
#98249607000
0!
0%
#98291273500
1!
1%
b1000100 )
#98332940000
0!
0%
#98374606500
1!
1%
b1000101 )
#98416273000
0!
0%
#98457939500
1!
1%
b1000110 )
#98499606000
0!
0%
#98541272500
1!
1%
b1000111 )
#98582939000
0!
0%
#98624605500
1!
1%
b1001000 )
#98666272000
0!
0%
#98707938500
1!
1%
b1001001 )
#98749605000
0!
0%
#98791271500
1!
1%
b1001010 )
#98832938000
0!
0%
#98874604500
1!
1%
b1001011 )
#98916271000
0!
0%
#98957937500
1!
1%
b1001100 )
#98999604000
0!
0%
#99041270500
1!
1%
b1001101 )
#99082937000
0!
0%
#99124603500
1!
1%
b1001110 )
#99166270000
0!
0%
#99207936500
1!
1%
b1001111 )
#99249603000
0!
0%
#99291269500
1!
1%
b1010000 )
#99332936000
0!
0%
#99374602500
1!
1%
b1010001 )
#99416269000
0!
0%
#99457935500
1!
1%
b1010010 )
#99499602000
0!
0%
#99541268500
1!
1%
b1010011 )
#99582935000
0!
0%
#99624601500
1!
1%
b1010100 )
#99666268000
0!
0%
#99707934500
1!
1%
b1010101 )
#99749601000
0!
0%
#99791267500
1!
1%
b1010110 )
#99832934000
0!
0%
#99874600500
1!
1%
b1010111 )
#99916267000
0!
0%
#99957933500
1!
1%
b1011000 )
#99999600000
0!
0%
#100041266500
1!
1%
b1011001 )
#100082933000
0!
0%
#100124599500
1!
1%
b1011010 )
#100166266000
0!
0%
#100207932500
1!
1%
b1011011 )
#100249599000
0!
0%
#100291265500
1!
1%
b1011100 )
#100332932000
0!
0%
#100374598500
1!
1%
b1011101 )
#100416265000
0!
0%
#100457931500
1!
1%
b1011110 )
#100499598000
0!
0%
#100541264500
1!
1%
b1011111 )
#100582931000
0!
0%
#100624597500
1!
1%
b1100000 )
#100666264000
0!
0%
#100707930500
1!
1%
b1100001 )
#100749597000
0!
0%
#100791263500
1!
1%
b1100010 )
#100832930000
0!
0%
#100874596500
1!
1%
b1100011 )
#100916263000
0!
0%
#100957929500
1!
1%
b0 )
#100999596000
0!
0%
#101000000000
b0110010 #
b0110010 '
b110010 *
#101041262500
1!
1$
1%
1(
b1 )
#101082929000
0!
0%
#101124595500
1!
1%
b10 )
#101166262000
0!
0%
#101207928500
1!
1%
b11 )
#101249595000
0!
0%
#101291261500
1!
1%
b100 )
#101332928000
0!
0%
#101374594500
1!
1%
b101 )
#101416261000
0!
0%
#101457927500
1!
1%
b110 )
#101499594000
0!
0%
#101541260500
1!
1%
b111 )
#101582927000
0!
0%
#101624593500
1!
1%
b1000 )
#101666260000
0!
0%
#101707926500
1!
1%
b1001 )
#101749593000
0!
0%
#101791259500
1!
1%
b1010 )
#101832926000
0!
0%
#101874592500
1!
1%
b1011 )
#101916259000
0!
0%
#101957925500
1!
1%
b1100 )
#101999592000
0!
0%
#102041258500
1!
1%
b1101 )
#102082925000
0!
0%
#102124591500
1!
1%
b1110 )
#102166258000
0!
0%
#102207924500
1!
1%
b1111 )
#102249591000
0!
0%
#102291257500
1!
1%
b10000 )
#102332924000
0!
0%
#102374590500
1!
1%
b10001 )
#102416257000
0!
0%
#102457923500
1!
1%
b10010 )
#102499590000
0!
0%
#102541256500
1!
1%
b10011 )
#102582923000
0!
0%
#102624589500
1!
1%
b10100 )
#102666256000
0!
0%
#102707922500
1!
1%
b10101 )
#102749589000
0!
0%
#102791255500
1!
1%
b10110 )
#102832922000
0!
0%
#102874588500
1!
1%
b10111 )
#102916255000
0!
0%
#102957921500
1!
1%
b11000 )
#102999588000
0!
0%
#103041254500
1!
1%
b11001 )
#103082921000
0!
0%
#103124587500
1!
1%
b11010 )
#103166254000
0!
0%
#103207920500
1!
1%
b11011 )
#103249587000
0!
0%
#103291253500
1!
1%
b11100 )
#103332920000
0!
0%
#103374586500
1!
1%
b11101 )
#103416253000
0!
0%
#103457919500
1!
1%
b11110 )
#103499586000
0!
0%
#103541252500
1!
1%
b11111 )
#103582919000
0!
0%
#103624585500
1!
1%
b100000 )
#103666252000
0!
0%
#103707918500
1!
1%
b100001 )
#103749585000
0!
0%
#103791251500
1!
1%
b100010 )
#103832918000
0!
0%
#103874584500
1!
1%
b100011 )
#103916251000
0!
0%
#103957917500
1!
1%
b100100 )
#103999584000
0!
0%
#104041250500
1!
1%
b100101 )
#104082917000
0!
0%
#104124583500
1!
1%
b100110 )
#104166250000
0!
0%
#104207916500
1!
1%
b100111 )
#104249583000
0!
0%
#104291249500
1!
1%
b101000 )
#104332916000
0!
0%
#104374582500
1!
1%
b101001 )
#104416249000
0!
0%
#104457915500
1!
1%
b101010 )
#104499582000
0!
0%
#104541248500
1!
1%
b101011 )
#104582915000
0!
0%
#104624581500
1!
1%
b101100 )
#104666248000
0!
0%
#104707914500
1!
1%
b101101 )
#104749581000
0!
0%
#104791247500
1!
1%
b101110 )
#104832914000
0!
0%
#104874580500
1!
1%
b101111 )
#104916247000
0!
0%
#104957913500
1!
1%
b110000 )
#104999580000
0!
0%
#105041246500
1!
1%
b110001 )
#105082913000
0!
0%
#105124579500
1!
1%
b110010 )
#105166246000
0!
0%
#105207912500
1!
0$
1%
0(
b110011 )
#105249579000
0!
0%
#105291245500
1!
1%
b110100 )
#105332912000
0!
0%
#105374578500
1!
1%
b110101 )
#105416245000
0!
0%
#105457911500
1!
1%
b110110 )
#105499578000
0!
0%
#105541244500
1!
1%
b110111 )
#105582911000
0!
0%
#105624577500
1!
1%
b111000 )
#105666244000
0!
0%
#105707910500
1!
1%
b111001 )
#105749577000
0!
0%
#105791243500
1!
1%
b111010 )
#105832910000
0!
0%
#105874576500
1!
1%
b111011 )
#105916243000
0!
0%
#105957909500
1!
1%
b111100 )
#105999576000
0!
0%
#106041242500
1!
1%
b111101 )
#106082909000
0!
0%
#106124575500
1!
1%
b111110 )
#106166242000
0!
0%
#106207908500
1!
1%
b111111 )
#106249575000
0!
0%
#106291241500
1!
1%
b1000000 )
#106332908000
0!
0%
#106374574500
1!
1%
b1000001 )
#106416241000
0!
0%
#106457907500
1!
1%
b1000010 )
#106499574000
0!
0%
#106541240500
1!
1%
b1000011 )
#106582907000
0!
0%
#106624573500
1!
1%
b1000100 )
#106666240000
0!
0%
#106707906500
1!
1%
b1000101 )
#106749573000
0!
0%
#106791239500
1!
1%
b1000110 )
#106832906000
0!
0%
#106874572500
1!
1%
b1000111 )
#106916239000
0!
0%
#106957905500
1!
1%
b1001000 )
#106999572000
0!
0%
#107041238500
1!
1%
b1001001 )
#107082905000
0!
0%
#107124571500
1!
1%
b1001010 )
#107166238000
0!
0%
#107207904500
1!
1%
b1001011 )
#107249571000
0!
0%
#107291237500
1!
1%
b1001100 )
#107332904000
0!
0%
#107374570500
1!
1%
b1001101 )
#107416237000
0!
0%
#107457903500
1!
1%
b1001110 )
#107499570000
0!
0%
#107541236500
1!
1%
b1001111 )
#107582903000
0!
0%
#107624569500
1!
1%
b1010000 )
#107666236000
0!
0%
#107707902500
1!
1%
b1010001 )
#107749569000
0!
0%
#107791235500
1!
1%
b1010010 )
#107832902000
0!
0%
#107874568500
1!
1%
b1010011 )
#107916235000
0!
0%
#107957901500
1!
1%
b1010100 )
#107999568000
0!
0%
#108041234500
1!
1%
b1010101 )
#108082901000
0!
0%
#108124567500
1!
1%
b1010110 )
#108166234000
0!
0%
#108207900500
1!
1%
b1010111 )
#108249567000
0!
0%
#108291233500
1!
1%
b1011000 )
#108332900000
0!
0%
#108374566500
1!
1%
b1011001 )
#108416233000
0!
0%
#108457899500
1!
1%
b1011010 )
#108499566000
0!
0%
#108541232500
1!
1%
b1011011 )
#108582899000
0!
0%
#108624565500
1!
1%
b1011100 )
#108666232000
0!
0%
#108707898500
1!
1%
b1011101 )
#108749565000
0!
0%
#108791231500
1!
1%
b1011110 )
#108832898000
0!
0%
#108874564500
1!
1%
b1011111 )
#108916231000
0!
0%
#108957897500
1!
1%
b1100000 )
#108999564000
0!
0%
#109041230500
1!
1%
b1100001 )
#109082897000
0!
0%
#109124563500
1!
1%
b1100010 )
#109166230000
0!
0%
#109207896500
1!
1%
b1100011 )
#109249563000
0!
0%
#109291229500
1!
1%
b0 )
#109332896000
0!
0%
#109374562500
1!
1$
1%
1(
b1 )
#109416229000
0!
0%
#109457895500
1!
1%
b10 )
#109499562000
0!
0%
#109541228500
1!
1%
b11 )
#109582895000
0!
0%
#109624561500
1!
1%
b100 )
#109666228000
0!
0%
#109707894500
1!
1%
b101 )
#109749561000
0!
0%
#109791227500
1!
1%
b110 )
#109832894000
0!
0%
#109874560500
1!
1%
b111 )
#109916227000
0!
0%
#109957893500
1!
1%
b1000 )
#109999560000
0!
0%
#110041226500
1!
1%
b1001 )
#110082893000
0!
0%
#110124559500
1!
1%
b1010 )
#110166226000
0!
0%
#110207892500
1!
1%
b1011 )
#110249559000
0!
0%
#110291225500
1!
1%
b1100 )
#110332892000
0!
0%
#110374558500
1!
1%
b1101 )
#110416225000
0!
0%
#110457891500
1!
1%
b1110 )
#110499558000
0!
0%
#110541224500
1!
1%
b1111 )
#110582891000
0!
0%
#110624557500
1!
1%
b10000 )
#110666224000
0!
0%
#110707890500
1!
1%
b10001 )
#110749557000
0!
0%
#110791223500
1!
1%
b10010 )
#110832890000
0!
0%
#110874556500
1!
1%
b10011 )
#110916223000
0!
0%
#110957889500
1!
1%
b10100 )
#110999556000
0!
0%
#111041222500
1!
1%
b10101 )
#111082889000
0!
0%
#111124555500
1!
1%
b10110 )
#111166222000
0!
0%
#111207888500
1!
1%
b10111 )
#111249555000
0!
0%
#111291221500
1!
1%
b11000 )
#111332888000
0!
0%
#111374554500
1!
1%
b11001 )
#111416221000
0!
0%
#111457887500
1!
1%
b11010 )
#111499554000
0!
0%
#111541220500
1!
1%
b11011 )
#111582887000
0!
0%
#111624553500
1!
1%
b11100 )
#111666220000
0!
0%
#111707886500
1!
1%
b11101 )
#111749553000
0!
0%
#111791219500
1!
1%
b11110 )
#111832886000
0!
0%
#111874552500
1!
1%
b11111 )
#111916219000
0!
0%
#111957885500
1!
1%
b100000 )
#111999552000
0!
0%
#112041218500
1!
1%
b100001 )
#112082885000
0!
0%
#112124551500
1!
1%
b100010 )
#112166218000
0!
0%
#112207884500
1!
1%
b100011 )
#112249551000
0!
0%
#112291217500
1!
1%
b100100 )
#112332884000
0!
0%
#112374550500
1!
1%
b100101 )
#112416217000
0!
0%
#112457883500
1!
1%
b100110 )
#112499550000
0!
0%
#112541216500
1!
1%
b100111 )
#112582883000
0!
0%
#112624549500
1!
1%
b101000 )
#112666216000
0!
0%
#112707882500
1!
1%
b101001 )
#112749549000
0!
0%
#112791215500
1!
1%
b101010 )
#112832882000
0!
0%
#112874548500
1!
1%
b101011 )
#112916215000
0!
0%
#112957881500
1!
1%
b101100 )
#112999548000
0!
0%
#113041214500
1!
1%
b101101 )
#113082881000
0!
0%
#113124547500
1!
1%
b101110 )
#113166214000
0!
0%
#113207880500
1!
1%
b101111 )
#113249547000
0!
0%
#113291213500
1!
1%
b110000 )
#113332880000
0!
0%
#113374546500
1!
1%
b110001 )
#113416213000
0!
0%
#113457879500
1!
1%
b110010 )
#113499546000
0!
0%
#113541212500
1!
0$
1%
0(
b110011 )
#113582879000
0!
0%
#113624545500
1!
1%
b110100 )
#113666212000
0!
0%
#113707878500
1!
1%
b110101 )
#113749545000
0!
0%
#113791211500
1!
1%
b110110 )
#113832878000
0!
0%
#113874544500
1!
1%
b110111 )
#113916211000
0!
0%
#113957877500
1!
1%
b111000 )
#113999544000
0!
0%
#114041210500
1!
1%
b111001 )
#114082877000
0!
0%
#114124543500
1!
1%
b111010 )
#114166210000
0!
0%
#114207876500
1!
1%
b111011 )
#114249543000
0!
0%
#114291209500
1!
1%
b111100 )
#114332876000
0!
0%
#114374542500
1!
1%
b111101 )
#114416209000
0!
0%
#114457875500
1!
1%
b111110 )
#114499542000
0!
0%
#114541208500
1!
1%
b111111 )
#114582875000
0!
0%
#114624541500
1!
1%
b1000000 )
#114666208000
0!
0%
#114707874500
1!
1%
b1000001 )
#114749541000
0!
0%
#114791207500
1!
1%
b1000010 )
#114832874000
0!
0%
#114874540500
1!
1%
b1000011 )
#114916207000
0!
0%
#114957873500
1!
1%
b1000100 )
#114999540000
0!
0%
#115041206500
1!
1%
b1000101 )
#115082873000
0!
0%
#115124539500
1!
1%
b1000110 )
#115166206000
0!
0%
#115207872500
1!
1%
b1000111 )
#115249539000
0!
0%
#115291205500
1!
1%
b1001000 )
#115332872000
0!
0%
#115374538500
1!
1%
b1001001 )
#115416205000
0!
0%
#115457871500
1!
1%
b1001010 )
#115499538000
0!
0%
#115541204500
1!
1%
b1001011 )
#115582871000
0!
0%
#115624537500
1!
1%
b1001100 )
#115666204000
0!
0%
#115707870500
1!
1%
b1001101 )
#115749537000
0!
0%
#115791203500
1!
1%
b1001110 )
#115832870000
0!
0%
#115874536500
1!
1%
b1001111 )
#115916203000
0!
0%
#115957869500
1!
1%
b1010000 )
#115999536000
0!
0%
#116041202500
1!
1%
b1010001 )
#116082869000
0!
0%
#116124535500
1!
1%
b1010010 )
#116166202000
0!
0%
#116207868500
1!
1%
b1010011 )
#116249535000
0!
0%
#116291201500
1!
1%
b1010100 )
#116332868000
0!
0%
#116374534500
1!
1%
b1010101 )
#116416201000
0!
0%
#116457867500
1!
1%
b1010110 )
#116499534000
0!
0%
#116541200500
1!
1%
b1010111 )
#116582867000
0!
0%
#116624533500
1!
1%
b1011000 )
#116666200000
0!
0%
#116707866500
1!
1%
b1011001 )
#116749533000
0!
0%
#116791199500
1!
1%
b1011010 )
#116832866000
0!
0%
#116874532500
1!
1%
b1011011 )
#116916199000
0!
0%
#116957865500
1!
1%
b1011100 )
#116999532000
0!
0%
#117041198500
1!
1%
b1011101 )
#117082865000
0!
0%
#117124531500
1!
1%
b1011110 )
#117166198000
0!
0%
#117207864500
1!
1%
b1011111 )
#117249531000
0!
0%
#117291197500
1!
1%
b1100000 )
#117332864000
0!
0%
#117374530500
1!
1%
b1100001 )
#117416197000
0!
0%
#117457863500
1!
1%
b1100010 )
#117499530000
0!
0%
#117541196500
1!
1%
b1100011 )
#117582863000
0!
0%
#117624529500
1!
1%
b0 )
#117666196000
0!
0%
#117707862500
1!
1$
1%
1(
b1 )
#117749529000
0!
0%
#117791195500
1!
1%
b10 )
#117832862000
0!
0%
#117874528500
1!
1%
b11 )
#117916195000
0!
0%
#117957861500
1!
1%
b100 )
#117999528000
0!
0%
#118041194500
1!
1%
b101 )
#118082861000
0!
0%
#118124527500
1!
1%
b110 )
#118166194000
0!
0%
#118207860500
1!
1%
b111 )
#118249527000
0!
0%
#118291193500
1!
1%
b1000 )
#118332860000
0!
0%
#118374526500
1!
1%
b1001 )
#118416193000
0!
0%
#118457859500
1!
1%
b1010 )
#118499526000
0!
0%
#118541192500
1!
1%
b1011 )
#118582859000
0!
0%
#118624525500
1!
1%
b1100 )
#118666192000
0!
0%
#118707858500
1!
1%
b1101 )
#118749525000
0!
0%
#118791191500
1!
1%
b1110 )
#118832858000
0!
0%
#118874524500
1!
1%
b1111 )
#118916191000
0!
0%
#118957857500
1!
1%
b10000 )
#118999524000
0!
0%
#119041190500
1!
1%
b10001 )
#119082857000
0!
0%
#119124523500
1!
1%
b10010 )
#119166190000
0!
0%
#119207856500
1!
1%
b10011 )
#119249523000
0!
0%
#119291189500
1!
1%
b10100 )
#119332856000
0!
0%
#119374522500
1!
1%
b10101 )
#119416189000
0!
0%
#119457855500
1!
1%
b10110 )
#119499522000
0!
0%
#119541188500
1!
1%
b10111 )
#119582855000
0!
0%
#119624521500
1!
1%
b11000 )
#119666188000
0!
0%
#119707854500
1!
1%
b11001 )
#119749521000
0!
0%
#119791187500
1!
1%
b11010 )
#119832854000
0!
0%
#119874520500
1!
1%
b11011 )
#119916187000
0!
0%
#119957853500
1!
1%
b11100 )
#119999520000
0!
0%
#120041186500
1!
1%
b11101 )
#120082853000
0!
0%
#120124519500
1!
1%
b11110 )
#120166186000
0!
0%
#120207852500
1!
1%
b11111 )
#120249519000
0!
0%
#120291185500
1!
1%
b100000 )
#120332852000
0!
0%
#120374518500
1!
1%
b100001 )
#120416185000
0!
0%
#120457851500
1!
1%
b100010 )
#120499518000
0!
0%
#120541184500
1!
1%
b100011 )
#120582851000
0!
0%
#120624517500
1!
1%
b100100 )
#120666184000
0!
0%
#120707850500
1!
1%
b100101 )
#120749517000
0!
0%
#120791183500
1!
1%
b100110 )
#120832850000
0!
0%
#120874516500
1!
1%
b100111 )
#120916183000
0!
0%
#120957849500
1!
1%
b101000 )
#120999516000
0!
0%
#121041182500
1!
1%
b101001 )
#121082849000
0!
0%
#121124515500
1!
1%
b101010 )
#121166182000
0!
0%
#121207848500
1!
1%
b101011 )
#121249515000
0!
0%
#121291181500
1!
1%
b101100 )
#121332848000
0!
0%
#121374514500
1!
1%
b101101 )
#121416181000
0!
0%
#121457847500
1!
1%
b101110 )
#121499514000
0!
0%
#121541180500
1!
1%
b101111 )
#121582847000
0!
0%
#121624513500
1!
1%
b110000 )
#121666180000
0!
0%
#121707846500
1!
1%
b110001 )
#121749513000
0!
0%
#121791179500
1!
1%
b110010 )
#121832846000
0!
0%
#121874512500
1!
0$
1%
0(
b110011 )
#121916179000
0!
0%
#121957845500
1!
1%
b110100 )
#121999512000
0!
0%
#122041178500
1!
1%
b110101 )
#122082845000
0!
0%
#122124511500
1!
1%
b110110 )
#122166178000
0!
0%
#122207844500
1!
1%
b110111 )
#122249511000
0!
0%
#122291177500
1!
1%
b111000 )
#122332844000
0!
0%
#122374510500
1!
1%
b111001 )
#122416177000
0!
0%
#122457843500
1!
1%
b111010 )
#122499510000
0!
0%
#122541176500
1!
1%
b111011 )
#122582843000
0!
0%
#122624509500
1!
1%
b111100 )
#122666176000
0!
0%
#122707842500
1!
1%
b111101 )
#122749509000
0!
0%
#122791175500
1!
1%
b111110 )
#122832842000
0!
0%
#122874508500
1!
1%
b111111 )
#122916175000
0!
0%
#122957841500
1!
1%
b1000000 )
#122999508000
0!
0%
#123041174500
1!
1%
b1000001 )
#123082841000
0!
0%
#123124507500
1!
1%
b1000010 )
#123166174000
0!
0%
#123207840500
1!
1%
b1000011 )
#123249507000
0!
0%
#123291173500
1!
1%
b1000100 )
#123332840000
0!
0%
#123374506500
1!
1%
b1000101 )
#123416173000
0!
0%
#123457839500
1!
1%
b1000110 )
#123499506000
0!
0%
#123541172500
1!
1%
b1000111 )
#123582839000
0!
0%
#123624505500
1!
1%
b1001000 )
#123666172000
0!
0%
#123707838500
1!
1%
b1001001 )
#123749505000
0!
0%
#123791171500
1!
1%
b1001010 )
#123832838000
0!
0%
#123874504500
1!
1%
b1001011 )
#123916171000
0!
0%
#123957837500
1!
1%
b1001100 )
#123999504000
0!
0%
#124041170500
1!
1%
b1001101 )
#124082837000
0!
0%
#124124503500
1!
1%
b1001110 )
#124166170000
0!
0%
#124207836500
1!
1%
b1001111 )
#124249503000
0!
0%
#124291169500
1!
1%
b1010000 )
#124332836000
0!
0%
#124374502500
1!
1%
b1010001 )
#124416169000
0!
0%
#124457835500
1!
1%
b1010010 )
#124499502000
0!
0%
#124541168500
1!
1%
b1010011 )
#124582835000
0!
0%
#124624501500
1!
1%
b1010100 )
#124666168000
0!
0%
#124707834500
1!
1%
b1010101 )
#124749501000
0!
0%
#124791167500
1!
1%
b1010110 )
#124832834000
0!
0%
#124874500500
1!
1%
b1010111 )
#124916167000
0!
0%
#124957833500
1!
1%
b1011000 )
#124999500000
0!
0%
#125041166500
1!
1%
b1011001 )
#125082833000
0!
0%
#125124499500
1!
1%
b1011010 )
#125166166000
0!
0%
#125207832500
1!
1%
b1011011 )
#125249499000
0!
0%
#125291165500
1!
1%
b1011100 )
#125332832000
0!
0%
#125374498500
1!
1%
b1011101 )
#125416165000
0!
0%
#125457831500
1!
1%
b1011110 )
#125499498000
0!
0%
#125541164500
1!
1%
b1011111 )
#125582831000
0!
0%
#125624497500
1!
1%
b1100000 )
#125666164000
0!
0%
#125707830500
1!
1%
b1100001 )
#125749497000
0!
0%
#125791163500
1!
1%
b1100010 )
#125832830000
0!
0%
#125874496500
1!
1%
b1100011 )
#125916163000
0!
0%
#125957829500
1!
1%
b0 )
#125999496000
0!
0%
#126041162500
1!
1$
1%
1(
b1 )
#126082829000
0!
0%
#126124495500
1!
1%
b10 )
#126166162000
0!
0%
#126207828500
1!
1%
b11 )
#126249495000
0!
0%
#126291161500
1!
1%
b100 )
#126332828000
0!
0%
#126374494500
1!
1%
b101 )
#126416161000
0!
0%
#126457827500
1!
1%
b110 )
#126499494000
0!
0%
#126541160500
1!
1%
b111 )
#126582827000
0!
0%
#126624493500
1!
1%
b1000 )
#126666160000
0!
0%
#126707826500
1!
1%
b1001 )
#126749493000
0!
0%
#126791159500
1!
1%
b1010 )
#126832826000
0!
0%
#126874492500
1!
1%
b1011 )
#126916159000
0!
0%
#126957825500
1!
1%
b1100 )
#126999492000
0!
0%
#127041158500
1!
1%
b1101 )
#127082825000
0!
0%
#127124491500
1!
1%
b1110 )
#127166158000
0!
0%
#127207824500
1!
1%
b1111 )
#127249491000
0!
0%
#127291157500
1!
1%
b10000 )
#127332824000
0!
0%
#127374490500
1!
1%
b10001 )
#127416157000
0!
0%
#127457823500
1!
1%
b10010 )
#127499490000
0!
0%
#127541156500
1!
1%
b10011 )
#127582823000
0!
0%
#127624489500
1!
1%
b10100 )
#127666156000
0!
0%
#127707822500
1!
1%
b10101 )
#127749489000
0!
0%
#127791155500
1!
1%
b10110 )
#127832822000
0!
0%
#127874488500
1!
1%
b10111 )
#127916155000
0!
0%
#127957821500
1!
1%
b11000 )
#127999488000
0!
0%
#128041154500
1!
1%
b11001 )
#128082821000
0!
0%
#128124487500
1!
1%
b11010 )
#128166154000
0!
0%
#128207820500
1!
1%
b11011 )
#128249487000
0!
0%
#128291153500
1!
1%
b11100 )
#128332820000
0!
0%
#128374486500
1!
1%
b11101 )
#128416153000
0!
0%
#128457819500
1!
1%
b11110 )
#128499486000
0!
0%
#128541152500
1!
1%
b11111 )
#128582819000
0!
0%
#128624485500
1!
1%
b100000 )
#128666152000
0!
0%
#128707818500
1!
1%
b100001 )
#128749485000
0!
0%
#128791151500
1!
1%
b100010 )
#128832818000
0!
0%
#128874484500
1!
1%
b100011 )
#128916151000
0!
0%
#128957817500
1!
1%
b100100 )
#128999484000
0!
0%
#129041150500
1!
1%
b100101 )
#129082817000
0!
0%
#129124483500
1!
1%
b100110 )
#129166150000
0!
0%
#129207816500
1!
1%
b100111 )
#129249483000
0!
0%
#129291149500
1!
1%
b101000 )
#129332816000
0!
0%
#129374482500
1!
1%
b101001 )
#129416149000
0!
0%
#129457815500
1!
1%
b101010 )
#129499482000
0!
0%
#129541148500
1!
1%
b101011 )
#129582815000
0!
0%
#129624481500
1!
1%
b101100 )
#129666148000
0!
0%
#129707814500
1!
1%
b101101 )
#129749481000
0!
0%
#129791147500
1!
1%
b101110 )
#129832814000
0!
0%
#129874480500
1!
1%
b101111 )
#129916147000
0!
0%
#129957813500
1!
1%
b110000 )
#129999480000
0!
0%
#130041146500
1!
1%
b110001 )
#130082813000
0!
0%
#130124479500
1!
1%
b110010 )
#130166146000
0!
0%
#130207812500
1!
0$
1%
0(
b110011 )
#130249479000
0!
0%
#130291145500
1!
1%
b110100 )
#130332812000
0!
0%
#130374478500
1!
1%
b110101 )
#130416145000
0!
0%
#130457811500
1!
1%
b110110 )
#130499478000
0!
0%
#130541144500
1!
1%
b110111 )
#130582811000
0!
0%
#130624477500
1!
1%
b111000 )
#130666144000
0!
0%
#130707810500
1!
1%
b111001 )
#130749477000
0!
0%
#130791143500
1!
1%
b111010 )
#130832810000
0!
0%
#130874476500
1!
1%
b111011 )
#130916143000
0!
0%
#130957809500
1!
1%
b111100 )
#130999476000
0!
0%
#131041142500
1!
1%
b111101 )
#131082809000
0!
0%
#131124475500
1!
1%
b111110 )
#131166142000
0!
0%
#131207808500
1!
1%
b111111 )
#131249475000
0!
0%
#131291141500
1!
1%
b1000000 )
#131332808000
0!
0%
#131374474500
1!
1%
b1000001 )
#131416141000
0!
0%
#131457807500
1!
1%
b1000010 )
#131499474000
0!
0%
#131541140500
1!
1%
b1000011 )
#131582807000
0!
0%
#131624473500
1!
1%
b1000100 )
#131666140000
0!
0%
#131707806500
1!
1%
b1000101 )
#131749473000
0!
0%
#131791139500
1!
1%
b1000110 )
#131832806000
0!
0%
#131874472500
1!
1%
b1000111 )
#131916139000
0!
0%
#131957805500
1!
1%
b1001000 )
#131999472000
0!
0%
#132041138500
1!
1%
b1001001 )
#132082805000
0!
0%
#132124471500
1!
1%
b1001010 )
#132166138000
0!
0%
#132207804500
1!
1%
b1001011 )
#132249471000
0!
0%
#132291137500
1!
1%
b1001100 )
#132332804000
0!
0%
#132374470500
1!
1%
b1001101 )
#132416137000
0!
0%
#132457803500
1!
1%
b1001110 )
#132499470000
0!
0%
#132541136500
1!
1%
b1001111 )
#132582803000
0!
0%
#132624469500
1!
1%
b1010000 )
#132666136000
0!
0%
#132707802500
1!
1%
b1010001 )
#132749469000
0!
0%
#132791135500
1!
1%
b1010010 )
#132832802000
0!
0%
#132874468500
1!
1%
b1010011 )
#132916135000
0!
0%
#132957801500
1!
1%
b1010100 )
#132999468000
0!
0%
#133041134500
1!
1%
b1010101 )
#133082801000
0!
0%
#133124467500
1!
1%
b1010110 )
#133166134000
0!
0%
#133207800500
1!
1%
b1010111 )
#133249467000
0!
0%
#133291133500
1!
1%
b1011000 )
#133332800000
0!
0%
#133374466500
1!
1%
b1011001 )
#133416133000
0!
0%
#133457799500
1!
1%
b1011010 )
#133499466000
0!
0%
#133541132500
1!
1%
b1011011 )
#133582799000
0!
0%
#133624465500
1!
1%
b1011100 )
#133666132000
0!
0%
#133707798500
1!
1%
b1011101 )
#133749465000
0!
0%
#133791131500
1!
1%
b1011110 )
#133832798000
0!
0%
#133874464500
1!
1%
b1011111 )
#133916131000
0!
0%
#133957797500
1!
1%
b1100000 )
#133999464000
0!
0%
#134041130500
1!
1%
b1100001 )
#134082797000
0!
0%
#134124463500
1!
1%
b1100010 )
#134166130000
0!
0%
#134207796500
1!
1%
b1100011 )
#134249463000
0!
0%
#134291129500
1!
1%
b0 )
#134332796000
0!
0%
#134374462500
1!
1$
1%
1(
b1 )
#134416129000
0!
0%
#134457795500
1!
1%
b10 )
#134499462000
0!
0%
#134541128500
1!
1%
b11 )
#134582795000
0!
0%
#134624461500
1!
1%
b100 )
#134666128000
0!
0%
#134707794500
1!
1%
b101 )
#134749461000
0!
0%
#134791127500
1!
1%
b110 )
#134832794000
0!
0%
#134874460500
1!
1%
b111 )
#134916127000
0!
0%
#134957793500
1!
1%
b1000 )
#134999460000
0!
0%
#135041126500
1!
1%
b1001 )
#135082793000
0!
0%
#135124459500
1!
1%
b1010 )
#135166126000
0!
0%
#135207792500
1!
1%
b1011 )
#135249459000
0!
0%
#135291125500
1!
1%
b1100 )
#135332792000
0!
0%
#135374458500
1!
1%
b1101 )
#135416125000
0!
0%
#135457791500
1!
1%
b1110 )
#135499458000
0!
0%
#135541124500
1!
1%
b1111 )
#135582791000
0!
0%
#135624457500
1!
1%
b10000 )
#135666124000
0!
0%
#135707790500
1!
1%
b10001 )
#135749457000
0!
0%
#135791123500
1!
1%
b10010 )
#135832790000
0!
0%
#135874456500
1!
1%
b10011 )
#135916123000
0!
0%
#135957789500
1!
1%
b10100 )
#135999456000
0!
0%
#136041122500
1!
1%
b10101 )
#136082789000
0!
0%
#136124455500
1!
1%
b10110 )
#136166122000
0!
0%
#136207788500
1!
1%
b10111 )
#136249455000
0!
0%
#136291121500
1!
1%
b11000 )
#136332788000
0!
0%
#136374454500
1!
1%
b11001 )
#136416121000
0!
0%
#136457787500
1!
1%
b11010 )
#136499454000
0!
0%
#136541120500
1!
1%
b11011 )
#136582787000
0!
0%
#136624453500
1!
1%
b11100 )
#136666120000
0!
0%
#136707786500
1!
1%
b11101 )
#136749453000
0!
0%
#136791119500
1!
1%
b11110 )
#136832786000
0!
0%
#136874452500
1!
1%
b11111 )
#136916119000
0!
0%
#136957785500
1!
1%
b100000 )
#136999452000
0!
0%
#137041118500
1!
1%
b100001 )
#137082785000
0!
0%
#137124451500
1!
1%
b100010 )
#137166118000
0!
0%
#137207784500
1!
1%
b100011 )
#137249451000
0!
0%
#137291117500
1!
1%
b100100 )
#137332784000
0!
0%
#137374450500
1!
1%
b100101 )
#137416117000
0!
0%
#137457783500
1!
1%
b100110 )
#137499450000
0!
0%
#137541116500
1!
1%
b100111 )
#137582783000
0!
0%
#137624449500
1!
1%
b101000 )
#137666116000
0!
0%
#137707782500
1!
1%
b101001 )
#137749449000
0!
0%
#137791115500
1!
1%
b101010 )
#137832782000
0!
0%
#137874448500
1!
1%
b101011 )
#137916115000
0!
0%
#137957781500
1!
1%
b101100 )
#137999448000
0!
0%
#138041114500
1!
1%
b101101 )
#138082781000
0!
0%
#138124447500
1!
1%
b101110 )
#138166114000
0!
0%
#138207780500
1!
1%
b101111 )
#138249447000
0!
0%
#138291113500
1!
1%
b110000 )
#138332780000
0!
0%
#138374446500
1!
1%
b110001 )
#138416113000
0!
0%
#138457779500
1!
1%
b110010 )
#138499446000
0!
0%
#138541112500
1!
0$
1%
0(
b110011 )
#138582779000
0!
0%
#138624445500
1!
1%
b110100 )
#138666112000
0!
0%
#138707778500
1!
1%
b110101 )
#138749445000
0!
0%
#138791111500
1!
1%
b110110 )
#138832778000
0!
0%
#138874444500
1!
1%
b110111 )
#138916111000
0!
0%
#138957777500
1!
1%
b111000 )
#138999444000
0!
0%
#139041110500
1!
1%
b111001 )
#139082777000
0!
0%
#139124443500
1!
1%
b111010 )
#139166110000
0!
0%
#139207776500
1!
1%
b111011 )
#139249443000
0!
0%
#139291109500
1!
1%
b111100 )
#139332776000
0!
0%
#139374442500
1!
1%
b111101 )
#139416109000
0!
0%
#139457775500
1!
1%
b111110 )
#139499442000
0!
0%
#139541108500
1!
1%
b111111 )
#139582775000
0!
0%
#139624441500
1!
1%
b1000000 )
#139666108000
0!
0%
#139707774500
1!
1%
b1000001 )
#139749441000
0!
0%
#139791107500
1!
1%
b1000010 )
#139832774000
0!
0%
#139874440500
1!
1%
b1000011 )
#139916107000
0!
0%
#139957773500
1!
1%
b1000100 )
#139999440000
0!
0%
#140041106500
1!
1%
b1000101 )
#140082773000
0!
0%
#140124439500
1!
1%
b1000110 )
#140166106000
0!
0%
#140207772500
1!
1%
b1000111 )
#140249439000
0!
0%
#140291105500
1!
1%
b1001000 )
#140332772000
0!
0%
#140374438500
1!
1%
b1001001 )
#140416105000
0!
0%
#140457771500
1!
1%
b1001010 )
#140499438000
0!
0%
#140541104500
1!
1%
b1001011 )
#140582771000
0!
0%
#140624437500
1!
1%
b1001100 )
#140666104000
0!
0%
#140707770500
1!
1%
b1001101 )
#140749437000
0!
0%
#140791103500
1!
1%
b1001110 )
#140832770000
0!
0%
#140874436500
1!
1%
b1001111 )
#140916103000
0!
0%
#140957769500
1!
1%
b1010000 )
#140999436000
0!
0%
#141041102500
1!
1%
b1010001 )
#141082769000
0!
0%
#141124435500
1!
1%
b1010010 )
#141166102000
0!
0%
#141207768500
1!
1%
b1010011 )
#141249435000
0!
0%
#141291101500
1!
1%
b1010100 )
#141332768000
0!
0%
#141374434500
1!
1%
b1010101 )
#141416101000
0!
0%
#141457767500
1!
1%
b1010110 )
#141499434000
0!
0%
#141541100500
1!
1%
b1010111 )
#141582767000
0!
0%
#141624433500
1!
1%
b1011000 )
#141666100000
0!
0%
#141707766500
1!
1%
b1011001 )
#141749433000
0!
0%
#141791099500
1!
1%
b1011010 )
#141832766000
0!
0%
#141874432500
1!
1%
b1011011 )
#141916099000
0!
0%
#141957765500
1!
1%
b1011100 )
#141999432000
0!
0%
#142041098500
1!
1%
b1011101 )
#142082765000
0!
0%
#142124431500
1!
1%
b1011110 )
#142166098000
0!
0%
#142207764500
1!
1%
b1011111 )
#142249431000
0!
0%
#142291097500
1!
1%
b1100000 )
#142332764000
0!
0%
#142374430500
1!
1%
b1100001 )
#142416097000
0!
0%
#142457763500
1!
1%
b1100010 )
#142499430000
0!
0%
#142541096500
1!
1%
b1100011 )
#142582763000
0!
0%
#142624429500
1!
1%
b0 )
#142666096000
0!
0%
#142707762500
1!
1$
1%
1(
b1 )
#142749429000
0!
0%
#142791095500
1!
1%
b10 )
#142832762000
0!
0%
#142874428500
1!
1%
b11 )
#142916095000
0!
0%
#142957761500
1!
1%
b100 )
#142999428000
0!
0%
#143041094500
1!
1%
b101 )
#143082761000
0!
0%
#143124427500
1!
1%
b110 )
#143166094000
0!
0%
#143207760500
1!
1%
b111 )
#143249427000
0!
0%
#143291093500
1!
1%
b1000 )
#143332760000
0!
0%
#143374426500
1!
1%
b1001 )
#143416093000
0!
0%
#143457759500
1!
1%
b1010 )
#143499426000
0!
0%
#143541092500
1!
1%
b1011 )
#143582759000
0!
0%
#143624425500
1!
1%
b1100 )
#143666092000
0!
0%
#143707758500
1!
1%
b1101 )
#143749425000
0!
0%
#143791091500
1!
1%
b1110 )
#143832758000
0!
0%
#143874424500
1!
1%
b1111 )
#143916091000
0!
0%
#143957757500
1!
1%
b10000 )
#143999424000
0!
0%
#144041090500
1!
1%
b10001 )
#144082757000
0!
0%
#144124423500
1!
1%
b10010 )
#144166090000
0!
0%
#144207756500
1!
1%
b10011 )
#144249423000
0!
0%
#144291089500
1!
1%
b10100 )
#144332756000
0!
0%
#144374422500
1!
1%
b10101 )
#144416089000
0!
0%
#144457755500
1!
1%
b10110 )
#144499422000
0!
0%
#144541088500
1!
1%
b10111 )
#144582755000
0!
0%
#144624421500
1!
1%
b11000 )
#144666088000
0!
0%
#144707754500
1!
1%
b11001 )
#144749421000
0!
0%
#144791087500
1!
1%
b11010 )
#144832754000
0!
0%
#144874420500
1!
1%
b11011 )
#144916087000
0!
0%
#144957753500
1!
1%
b11100 )
#144999420000
0!
0%
#145041086500
1!
1%
b11101 )
#145082753000
0!
0%
#145124419500
1!
1%
b11110 )
#145166086000
0!
0%
#145207752500
1!
1%
b11111 )
#145249419000
0!
0%
#145291085500
1!
1%
b100000 )
#145332752000
0!
0%
#145374418500
1!
1%
b100001 )
#145416085000
0!
0%
#145457751500
1!
1%
b100010 )
#145499418000
0!
0%
#145541084500
1!
1%
b100011 )
#145582751000
0!
0%
#145624417500
1!
1%
b100100 )
#145666084000
0!
0%
#145707750500
1!
1%
b100101 )
#145749417000
0!
0%
#145791083500
1!
1%
b100110 )
#145832750000
0!
0%
#145874416500
1!
1%
b100111 )
#145916083000
0!
0%
#145957749500
1!
1%
b101000 )
#145999416000
0!
0%
#146041082500
1!
1%
b101001 )
#146082749000
0!
0%
#146124415500
1!
1%
b101010 )
#146166082000
0!
0%
#146207748500
1!
1%
b101011 )
#146249415000
0!
0%
#146291081500
1!
1%
b101100 )
#146332748000
0!
0%
#146374414500
1!
1%
b101101 )
#146416081000
0!
0%
#146457747500
1!
1%
b101110 )
#146499414000
0!
0%
#146541080500
1!
1%
b101111 )
#146582747000
0!
0%
#146624413500
1!
1%
b110000 )
#146666080000
0!
0%
#146707746500
1!
1%
b110001 )
#146749413000
0!
0%
#146791079500
1!
1%
b110010 )
#146832746000
0!
0%
#146874412500
1!
0$
1%
0(
b110011 )
#146916079000
0!
0%
#146957745500
1!
1%
b110100 )
#146999412000
0!
0%
#147041078500
1!
1%
b110101 )
#147082745000
0!
0%
#147124411500
1!
1%
b110110 )
#147166078000
0!
0%
#147207744500
1!
1%
b110111 )
#147249411000
0!
0%
#147291077500
1!
1%
b111000 )
#147332744000
0!
0%
#147374410500
1!
1%
b111001 )
#147416077000
0!
0%
#147457743500
1!
1%
b111010 )
#147499410000
0!
0%
#147541076500
1!
1%
b111011 )
#147582743000
0!
0%
#147624409500
1!
1%
b111100 )
#147666076000
0!
0%
#147707742500
1!
1%
b111101 )
#147749409000
0!
0%
#147791075500
1!
1%
b111110 )
#147832742000
0!
0%
#147874408500
1!
1%
b111111 )
#147916075000
0!
0%
#147957741500
1!
1%
b1000000 )
#147999408000
0!
0%
#148041074500
1!
1%
b1000001 )
#148082741000
0!
0%
#148124407500
1!
1%
b1000010 )
#148166074000
0!
0%
#148207740500
1!
1%
b1000011 )
#148249407000
0!
0%
#148291073500
1!
1%
b1000100 )
#148332740000
0!
0%
#148374406500
1!
1%
b1000101 )
#148416073000
0!
0%
#148457739500
1!
1%
b1000110 )
#148499406000
0!
0%
#148541072500
1!
1%
b1000111 )
#148582739000
0!
0%
#148624405500
1!
1%
b1001000 )
#148666072000
0!
0%
#148707738500
1!
1%
b1001001 )
#148749405000
0!
0%
#148791071500
1!
1%
b1001010 )
#148832738000
0!
0%
#148874404500
1!
1%
b1001011 )
#148916071000
0!
0%
#148957737500
1!
1%
b1001100 )
#148999404000
0!
0%
#149041070500
1!
1%
b1001101 )
#149082737000
0!
0%
#149124403500
1!
1%
b1001110 )
#149166070000
0!
0%
#149207736500
1!
1%
b1001111 )
#149249403000
0!
0%
#149291069500
1!
1%
b1010000 )
#149332736000
0!
0%
#149374402500
1!
1%
b1010001 )
#149416069000
0!
0%
#149457735500
1!
1%
b1010010 )
#149499402000
0!
0%
#149541068500
1!
1%
b1010011 )
#149582735000
0!
0%
#149624401500
1!
1%
b1010100 )
#149666068000
0!
0%
#149707734500
1!
1%
b1010101 )
#149749401000
0!
0%
#149791067500
1!
1%
b1010110 )
#149832734000
0!
0%
#149874400500
1!
1%
b1010111 )
#149916067000
0!
0%
#149957733500
1!
1%
b1011000 )
#149999400000
0!
0%
#150041066500
1!
1%
b1011001 )
#150082733000
0!
0%
#150124399500
1!
1%
b1011010 )
#150166066000
0!
0%
#150207732500
1!
1%
b1011011 )
#150249399000
0!
0%
#150291065500
1!
1%
b1011100 )
#150332732000
0!
0%
#150374398500
1!
1%
b1011101 )
#150416065000
0!
0%
#150457731500
1!
1%
b1011110 )
#150499398000
0!
0%
#150541064500
1!
1%
b1011111 )
#150582731000
0!
0%
#150624397500
1!
1%
b1100000 )
#150666064000
0!
0%
#150707730500
1!
1%
b1100001 )
#150749397000
0!
0%
#150791063500
1!
1%
b1100010 )
#150832730000
0!
0%
#150874396500
1!
1%
b1100011 )
#150916063000
0!
0%
#150957729500
1!
1%
b0 )
#150999396000
0!
0%
#151041062500
1!
1$
1%
1(
b1 )
#151082729000
0!
0%
#151124395500
1!
1%
b10 )
#151166062000
0!
0%
#151207728500
1!
1%
b11 )
#151249395000
0!
0%
#151291061500
1!
1%
b100 )
#151332728000
0!
0%
#151374394500
1!
1%
b101 )
#151416061000
0!
0%
#151457727500
1!
1%
b110 )
#151499394000
0!
0%
#151541060500
1!
1%
b111 )
#151582727000
0!
0%
#151624393500
1!
1%
b1000 )
#151666060000
0!
0%
#151707726500
1!
1%
b1001 )
#151749393000
0!
0%
#151791059500
1!
1%
b1010 )
#151832726000
0!
0%
#151874392500
1!
1%
b1011 )
#151916059000
0!
0%
#151957725500
1!
1%
b1100 )
#151999392000
0!
0%
#152041058500
1!
1%
b1101 )
#152082725000
0!
0%
#152124391500
1!
1%
b1110 )
#152166058000
0!
0%
#152207724500
1!
1%
b1111 )
#152249391000
0!
0%
#152291057500
1!
1%
b10000 )
#152332724000
0!
0%
#152374390500
1!
1%
b10001 )
#152416057000
0!
0%
#152457723500
1!
1%
b10010 )
#152499390000
0!
0%
#152541056500
1!
1%
b10011 )
#152582723000
0!
0%
#152624389500
1!
1%
b10100 )
#152666056000
0!
0%
#152707722500
1!
1%
b10101 )
#152749389000
0!
0%
#152791055500
1!
1%
b10110 )
#152832722000
0!
0%
#152874388500
1!
1%
b10111 )
#152916055000
0!
0%
#152957721500
1!
1%
b11000 )
#152999388000
0!
0%
#153041054500
1!
1%
b11001 )
#153082721000
0!
0%
#153124387500
1!
1%
b11010 )
#153166054000
0!
0%
#153207720500
1!
1%
b11011 )
#153249387000
0!
0%
#153291053500
1!
1%
b11100 )
#153332720000
0!
0%
#153374386500
1!
1%
b11101 )
#153416053000
0!
0%
#153457719500
1!
1%
b11110 )
#153499386000
0!
0%
#153541052500
1!
1%
b11111 )
#153582719000
0!
0%
#153624385500
1!
1%
b100000 )
#153666052000
0!
0%
#153707718500
1!
1%
b100001 )
#153749385000
0!
0%
#153791051500
1!
1%
b100010 )
#153832718000
0!
0%
#153874384500
1!
1%
b100011 )
#153916051000
0!
0%
#153957717500
1!
1%
b100100 )
#153999384000
0!
0%
#154041050500
1!
1%
b100101 )
#154082717000
0!
0%
#154124383500
1!
1%
b100110 )
#154166050000
0!
0%
#154207716500
1!
1%
b100111 )
#154249383000
0!
0%
#154291049500
1!
1%
b101000 )
#154332716000
0!
0%
#154374382500
1!
1%
b101001 )
#154416049000
0!
0%
#154457715500
1!
1%
b101010 )
#154499382000
0!
0%
#154541048500
1!
1%
b101011 )
#154582715000
0!
0%
#154624381500
1!
1%
b101100 )
#154666048000
0!
0%
#154707714500
1!
1%
b101101 )
#154749381000
0!
0%
#154791047500
1!
1%
b101110 )
#154832714000
0!
0%
#154874380500
1!
1%
b101111 )
#154916047000
0!
0%
#154957713500
1!
1%
b110000 )
#154999380000
0!
0%
#155041046500
1!
1%
b110001 )
#155082713000
0!
0%
#155124379500
1!
1%
b110010 )
#155166046000
0!
0%
#155207712500
1!
0$
1%
0(
b110011 )
#155249379000
0!
0%
#155291045500
1!
1%
b110100 )
#155332712000
0!
0%
#155374378500
1!
1%
b110101 )
#155416045000
0!
0%
#155457711500
1!
1%
b110110 )
#155499378000
0!
0%
#155541044500
1!
1%
b110111 )
#155582711000
0!
0%
#155624377500
1!
1%
b111000 )
#155666044000
0!
0%
#155707710500
1!
1%
b111001 )
#155749377000
0!
0%
#155791043500
1!
1%
b111010 )
#155832710000
0!
0%
#155874376500
1!
1%
b111011 )
#155916043000
0!
0%
#155957709500
1!
1%
b111100 )
#155999376000
0!
0%
#156041042500
1!
1%
b111101 )
#156082709000
0!
0%
#156124375500
1!
1%
b111110 )
#156166042000
0!
0%
#156207708500
1!
1%
b111111 )
#156249375000
0!
0%
#156291041500
1!
1%
b1000000 )
#156332708000
0!
0%
#156374374500
1!
1%
b1000001 )
#156416041000
0!
0%
#156457707500
1!
1%
b1000010 )
#156499374000
0!
0%
#156541040500
1!
1%
b1000011 )
#156582707000
0!
0%
#156624373500
1!
1%
b1000100 )
#156666040000
0!
0%
#156707706500
1!
1%
b1000101 )
#156749373000
0!
0%
#156791039500
1!
1%
b1000110 )
#156832706000
0!
0%
#156874372500
1!
1%
b1000111 )
#156916039000
0!
0%
#156957705500
1!
1%
b1001000 )
#156999372000
0!
0%
#157041038500
1!
1%
b1001001 )
#157082705000
0!
0%
#157124371500
1!
1%
b1001010 )
#157166038000
0!
0%
#157207704500
1!
1%
b1001011 )
#157249371000
0!
0%
#157291037500
1!
1%
b1001100 )
#157332704000
0!
0%
#157374370500
1!
1%
b1001101 )
#157416037000
0!
0%
#157457703500
1!
1%
b1001110 )
#157499370000
0!
0%
#157541036500
1!
1%
b1001111 )
#157582703000
0!
0%
#157624369500
1!
1%
b1010000 )
#157666036000
0!
0%
#157707702500
1!
1%
b1010001 )
#157749369000
0!
0%
#157791035500
1!
1%
b1010010 )
#157832702000
0!
0%
#157874368500
1!
1%
b1010011 )
#157916035000
0!
0%
#157957701500
1!
1%
b1010100 )
#157999368000
0!
0%
#158041034500
1!
1%
b1010101 )
#158082701000
0!
0%
#158124367500
1!
1%
b1010110 )
#158166034000
0!
0%
#158207700500
1!
1%
b1010111 )
#158249367000
0!
0%
#158291033500
1!
1%
b1011000 )
#158332700000
0!
0%
#158374366500
1!
1%
b1011001 )
#158416033000
0!
0%
#158457699500
1!
1%
b1011010 )
#158499366000
0!
0%
#158541032500
1!
1%
b1011011 )
#158582699000
0!
0%
#158624365500
1!
1%
b1011100 )
#158666032000
0!
0%
#158707698500
1!
1%
b1011101 )
#158749365000
0!
0%
#158791031500
1!
1%
b1011110 )
#158832698000
0!
0%
#158874364500
1!
1%
b1011111 )
#158916031000
0!
0%
#158957697500
1!
1%
b1100000 )
#158999364000
0!
0%
#159041030500
1!
1%
b1100001 )
#159082697000
0!
0%
#159124363500
1!
1%
b1100010 )
#159166030000
0!
0%
#159207696500
1!
1%
b1100011 )
#159249363000
0!
0%
#159291029500
1!
1%
b0 )
#159332696000
0!
0%
#159374362500
1!
1$
1%
1(
b1 )
#159416029000
0!
0%
#159457695500
1!
1%
b10 )
#159499362000
0!
0%
#159541028500
1!
1%
b11 )
#159582695000
0!
0%
#159624361500
1!
1%
b100 )
#159666028000
0!
0%
#159707694500
1!
1%
b101 )
#159749361000
0!
0%
#159791027500
1!
1%
b110 )
#159832694000
0!
0%
#159874360500
1!
1%
b111 )
#159916027000
0!
0%
#159957693500
1!
1%
b1000 )
#159999360000
0!
0%
#160041026500
1!
1%
b1001 )
#160082693000
0!
0%
#160124359500
1!
1%
b1010 )
#160166026000
0!
0%
#160207692500
1!
1%
b1011 )
#160249359000
0!
0%
#160291025500
1!
1%
b1100 )
#160332692000
0!
0%
#160374358500
1!
1%
b1101 )
#160416025000
0!
0%
#160457691500
1!
1%
b1110 )
#160499358000
0!
0%
#160541024500
1!
1%
b1111 )
#160582691000
0!
0%
#160624357500
1!
1%
b10000 )
#160666024000
0!
0%
#160707690500
1!
1%
b10001 )
#160749357000
0!
0%
#160791023500
1!
1%
b10010 )
#160832690000
0!
0%
#160874356500
1!
1%
b10011 )
#160916023000
0!
0%
#160957689500
1!
1%
b10100 )
#160999356000
0!
0%
#161041022500
1!
1%
b10101 )
#161082689000
0!
0%
#161124355500
1!
1%
b10110 )
#161166022000
0!
0%
#161207688500
1!
1%
b10111 )
#161249355000
0!
0%
#161291021500
1!
1%
b11000 )
#161332688000
0!
0%
#161374354500
1!
1%
b11001 )
#161416021000
0!
0%
#161457687500
1!
1%
b11010 )
#161499354000
0!
0%
#161541020500
1!
1%
b11011 )
#161582687000
0!
0%
#161624353500
1!
1%
b11100 )
#161666020000
0!
0%
#161707686500
1!
1%
b11101 )
#161749353000
0!
0%
#161791019500
1!
1%
b11110 )
#161832686000
0!
0%
#161874352500
1!
1%
b11111 )
#161916019000
0!
0%
#161957685500
1!
1%
b100000 )
#161999352000
0!
0%
#162041018500
1!
1%
b100001 )
#162082685000
0!
0%
#162124351500
1!
1%
b100010 )
#162166018000
0!
0%
#162207684500
1!
1%
b100011 )
#162249351000
0!
0%
#162291017500
1!
1%
b100100 )
#162332684000
0!
0%
#162374350500
1!
1%
b100101 )
#162416017000
0!
0%
#162457683500
1!
1%
b100110 )
#162499350000
0!
0%
#162541016500
1!
1%
b100111 )
#162582683000
0!
0%
#162624349500
1!
1%
b101000 )
#162666016000
0!
0%
#162707682500
1!
1%
b101001 )
#162749349000
0!
0%
#162791015500
1!
1%
b101010 )
#162832682000
0!
0%
#162874348500
1!
1%
b101011 )
#162916015000
0!
0%
#162957681500
1!
1%
b101100 )
#162999348000
0!
0%
#163041014500
1!
1%
b101101 )
#163082681000
0!
0%
#163124347500
1!
1%
b101110 )
#163166014000
0!
0%
#163207680500
1!
1%
b101111 )
#163249347000
0!
0%
#163291013500
1!
1%
b110000 )
#163332680000
0!
0%
#163374346500
1!
1%
b110001 )
#163416013000
0!
0%
#163457679500
1!
1%
b110010 )
#163499346000
0!
0%
#163541012500
1!
0$
1%
0(
b110011 )
#163582679000
0!
0%
#163624345500
1!
1%
b110100 )
#163666012000
0!
0%
#163707678500
1!
1%
b110101 )
#163749345000
0!
0%
#163791011500
1!
1%
b110110 )
#163832678000
0!
0%
#163874344500
1!
1%
b110111 )
#163916011000
0!
0%
#163957677500
1!
1%
b111000 )
#163999344000
0!
0%
#164041010500
1!
1%
b111001 )
#164082677000
0!
0%
#164124343500
1!
1%
b111010 )
#164166010000
0!
0%
#164207676500
1!
1%
b111011 )
#164249343000
0!
0%
#164291009500
1!
1%
b111100 )
#164332676000
0!
0%
#164374342500
1!
1%
b111101 )
#164416009000
0!
0%
#164457675500
1!
1%
b111110 )
#164499342000
0!
0%
#164541008500
1!
1%
b111111 )
#164582675000
0!
0%
#164624341500
1!
1%
b1000000 )
#164666008000
0!
0%
#164707674500
1!
1%
b1000001 )
#164749341000
0!
0%
#164791007500
1!
1%
b1000010 )
#164832674000
0!
0%
#164874340500
1!
1%
b1000011 )
#164916007000
0!
0%
#164957673500
1!
1%
b1000100 )
#164999340000
0!
0%
#165041006500
1!
1%
b1000101 )
#165082673000
0!
0%
#165124339500
1!
1%
b1000110 )
#165166006000
0!
0%
#165207672500
1!
1%
b1000111 )
#165249339000
0!
0%
#165291005500
1!
1%
b1001000 )
#165332672000
0!
0%
#165374338500
1!
1%
b1001001 )
#165416005000
0!
0%
#165457671500
1!
1%
b1001010 )
#165499338000
0!
0%
#165541004500
1!
1%
b1001011 )
#165582671000
0!
0%
#165624337500
1!
1%
b1001100 )
#165666004000
0!
0%
#165707670500
1!
1%
b1001101 )
#165749337000
0!
0%
#165791003500
1!
1%
b1001110 )
#165832670000
0!
0%
#165874336500
1!
1%
b1001111 )
#165916003000
0!
0%
#165957669500
1!
1%
b1010000 )
#165999336000
0!
0%
#166041002500
1!
1%
b1010001 )
#166082669000
0!
0%
#166124335500
1!
1%
b1010010 )
#166166002000
0!
0%
#166207668500
1!
1%
b1010011 )
#166249335000
0!
0%
#166291001500
1!
1%
b1010100 )
#166332668000
0!
0%
#166374334500
1!
1%
b1010101 )
#166416001000
0!
0%
#166457667500
1!
1%
b1010110 )
#166499334000
0!
0%
#166541000500
1!
1%
b1010111 )
#166582667000
0!
0%
#166624333500
1!
1%
b1011000 )
#166666000000
0!
0%
#166707666500
1!
1%
b1011001 )
#166749333000
0!
0%
#166790999500
1!
1%
b1011010 )
#166832666000
0!
0%
#166874332500
1!
1%
b1011011 )
#166915999000
0!
0%
#166957665500
1!
1%
b1011100 )
#166999332000
0!
0%
#167040998500
1!
1%
b1011101 )
#167082665000
0!
0%
#167124331500
1!
1%
b1011110 )
#167165998000
0!
0%
#167207664500
1!
1%
b1011111 )
#167249331000
0!
0%
#167290997500
1!
1%
b1100000 )
#167332664000
0!
0%
#167374330500
1!
1%
b1100001 )
#167415997000
0!
0%
#167457663500
1!
1%
b1100010 )
#167499330000
0!
0%
#167540996500
1!
1%
b1100011 )
#167582663000
0!
0%
#167624329500
1!
1%
b0 )
#167665996000
0!
0%
#167707662500
1!
1$
1%
1(
b1 )
#167749329000
0!
0%
#167790995500
1!
1%
b10 )
#167832662000
0!
0%
#167874328500
1!
1%
b11 )
#167915995000
0!
0%
#167957661500
1!
1%
b100 )
#167999328000
0!
0%
#168040994500
1!
1%
b101 )
#168082661000
0!
0%
#168124327500
1!
1%
b110 )
#168165994000
0!
0%
#168207660500
1!
1%
b111 )
#168249327000
0!
0%
#168290993500
1!
1%
b1000 )
#168332660000
0!
0%
#168374326500
1!
1%
b1001 )
#168415993000
0!
0%
#168457659500
1!
1%
b1010 )
#168499326000
0!
0%
#168540992500
1!
1%
b1011 )
#168582659000
0!
0%
#168624325500
1!
1%
b1100 )
#168665992000
0!
0%
#168707658500
1!
1%
b1101 )
#168749325000
0!
0%
#168790991500
1!
1%
b1110 )
#168832658000
0!
0%
#168874324500
1!
1%
b1111 )
#168915991000
0!
0%
#168957657500
1!
1%
b10000 )
#168999324000
0!
0%
#169040990500
1!
1%
b10001 )
#169082657000
0!
0%
#169124323500
1!
1%
b10010 )
#169165990000
0!
0%
#169207656500
1!
1%
b10011 )
#169249323000
0!
0%
#169290989500
1!
1%
b10100 )
#169332656000
0!
0%
#169374322500
1!
1%
b10101 )
#169415989000
0!
0%
#169457655500
1!
1%
b10110 )
#169499322000
0!
0%
#169540988500
1!
1%
b10111 )
#169582655000
0!
0%
#169624321500
1!
1%
b11000 )
#169665988000
0!
0%
#169707654500
1!
1%
b11001 )
#169749321000
0!
0%
#169790987500
1!
1%
b11010 )
#169832654000
0!
0%
#169874320500
1!
1%
b11011 )
#169915987000
0!
0%
#169957653500
1!
1%
b11100 )
#169999320000
0!
0%
#170040986500
1!
1%
b11101 )
#170082653000
0!
0%
#170124319500
1!
1%
b11110 )
#170165986000
0!
0%
#170207652500
1!
1%
b11111 )
#170249319000
0!
0%
#170290985500
1!
1%
b100000 )
#170332652000
0!
0%
#170374318500
1!
1%
b100001 )
#170415985000
0!
0%
#170457651500
1!
1%
b100010 )
#170499318000
0!
0%
#170540984500
1!
1%
b100011 )
#170582651000
0!
0%
#170624317500
1!
1%
b100100 )
#170665984000
0!
0%
#170707650500
1!
1%
b100101 )
#170749317000
0!
0%
#170790983500
1!
1%
b100110 )
#170832650000
0!
0%
#170874316500
1!
1%
b100111 )
#170915983000
0!
0%
#170957649500
1!
1%
b101000 )
#170999316000
0!
0%
#171040982500
1!
1%
b101001 )
#171082649000
0!
0%
#171124315500
1!
1%
b101010 )
#171165982000
0!
0%
#171207648500
1!
1%
b101011 )
#171249315000
0!
0%
#171290981500
1!
1%
b101100 )
#171332648000
0!
0%
#171374314500
1!
1%
b101101 )
#171415981000
0!
0%
#171457647500
1!
1%
b101110 )
#171499314000
0!
0%
#171540980500
1!
1%
b101111 )
#171582647000
0!
0%
#171624313500
1!
1%
b110000 )
#171665980000
0!
0%
#171707646500
1!
1%
b110001 )
#171749313000
0!
0%
#171790979500
1!
1%
b110010 )
#171832646000
0!
0%
#171874312500
1!
0$
1%
0(
b110011 )
#171915979000
0!
0%
#171957645500
1!
1%
b110100 )
#171999312000
0!
0%
#172040978500
1!
1%
b110101 )
#172082645000
0!
0%
#172124311500
1!
1%
b110110 )
#172165978000
0!
0%
#172207644500
1!
1%
b110111 )
#172249311000
0!
0%
#172290977500
1!
1%
b111000 )
#172332644000
0!
0%
#172374310500
1!
1%
b111001 )
#172415977000
0!
0%
#172457643500
1!
1%
b111010 )
#172499310000
0!
0%
#172540976500
1!
1%
b111011 )
#172582643000
0!
0%
#172624309500
1!
1%
b111100 )
#172665976000
0!
0%
#172707642500
1!
1%
b111101 )
#172749309000
0!
0%
#172790975500
1!
1%
b111110 )
#172832642000
0!
0%
#172874308500
1!
1%
b111111 )
#172915975000
0!
0%
#172957641500
1!
1%
b1000000 )
#172999308000
0!
0%
#173040974500
1!
1%
b1000001 )
#173082641000
0!
0%
#173124307500
1!
1%
b1000010 )
#173165974000
0!
0%
#173207640500
1!
1%
b1000011 )
#173249307000
0!
0%
#173290973500
1!
1%
b1000100 )
#173332640000
0!
0%
#173374306500
1!
1%
b1000101 )
#173415973000
0!
0%
#173457639500
1!
1%
b1000110 )
#173499306000
0!
0%
#173540972500
1!
1%
b1000111 )
#173582639000
0!
0%
#173624305500
1!
1%
b1001000 )
#173665972000
0!
0%
#173707638500
1!
1%
b1001001 )
#173749305000
0!
0%
#173790971500
1!
1%
b1001010 )
#173832638000
0!
0%
#173874304500
1!
1%
b1001011 )
#173915971000
0!
0%
#173957637500
1!
1%
b1001100 )
#173999304000
0!
0%
#174040970500
1!
1%
b1001101 )
#174082637000
0!
0%
#174124303500
1!
1%
b1001110 )
#174165970000
0!
0%
#174207636500
1!
1%
b1001111 )
#174249303000
0!
0%
#174290969500
1!
1%
b1010000 )
#174332636000
0!
0%
#174374302500
1!
1%
b1010001 )
#174415969000
0!
0%
#174457635500
1!
1%
b1010010 )
#174499302000
0!
0%
#174540968500
1!
1%
b1010011 )
#174582635000
0!
0%
#174624301500
1!
1%
b1010100 )
#174665968000
0!
0%
#174707634500
1!
1%
b1010101 )
#174749301000
0!
0%
#174790967500
1!
1%
b1010110 )
#174832634000
0!
0%
#174874300500
1!
1%
b1010111 )
#174915967000
0!
0%
#174957633500
1!
1%
b1011000 )
#174999300000
0!
0%
#175040966500
1!
1%
b1011001 )
#175082633000
0!
0%
#175124299500
1!
1%
b1011010 )
#175165966000
0!
0%
#175207632500
1!
1%
b1011011 )
#175249299000
0!
0%
#175290965500
1!
1%
b1011100 )
#175332632000
0!
0%
#175374298500
1!
1%
b1011101 )
#175415965000
0!
0%
#175457631500
1!
1%
b1011110 )
#175499298000
0!
0%
#175540964500
1!
1%
b1011111 )
#175582631000
0!
0%
#175624297500
1!
1%
b1100000 )
#175665964000
0!
0%
#175707630500
1!
1%
b1100001 )
#175749297000
0!
0%
#175790963500
1!
1%
b1100010 )
#175832630000
0!
0%
#175874296500
1!
1%
b1100011 )
#175915963000
0!
0%
#175957629500
1!
1%
b0 )
#175999296000
0!
0%
#176040962500
1!
1$
1%
1(
b1 )
#176082629000
0!
0%
#176124295500
1!
1%
b10 )
#176165962000
0!
0%
#176207628500
1!
1%
b11 )
#176249295000
0!
0%
#176290961500
1!
1%
b100 )
#176332628000
0!
0%
#176374294500
1!
1%
b101 )
#176415961000
0!
0%
#176457627500
1!
1%
b110 )
#176499294000
0!
0%
#176540960500
1!
1%
b111 )
#176582627000
0!
0%
#176624293500
1!
1%
b1000 )
#176665960000
0!
0%
#176707626500
1!
1%
b1001 )
#176749293000
0!
0%
#176790959500
1!
1%
b1010 )
#176832626000
0!
0%
#176874292500
1!
1%
b1011 )
#176915959000
0!
0%
#176957625500
1!
1%
b1100 )
#176999292000
0!
0%
#177040958500
1!
1%
b1101 )
#177082625000
0!
0%
#177124291500
1!
1%
b1110 )
#177165958000
0!
0%
#177207624500
1!
1%
b1111 )
#177249291000
0!
0%
#177290957500
1!
1%
b10000 )
#177332624000
0!
0%
#177374290500
1!
1%
b10001 )
#177415957000
0!
0%
#177457623500
1!
1%
b10010 )
#177499290000
0!
0%
#177540956500
1!
1%
b10011 )
#177582623000
0!
0%
#177624289500
1!
1%
b10100 )
#177665956000
0!
0%
#177707622500
1!
1%
b10101 )
#177749289000
0!
0%
#177790955500
1!
1%
b10110 )
#177832622000
0!
0%
#177874288500
1!
1%
b10111 )
#177915955000
0!
0%
#177957621500
1!
1%
b11000 )
#177999288000
0!
0%
#178040954500
1!
1%
b11001 )
#178082621000
0!
0%
#178124287500
1!
1%
b11010 )
#178165954000
0!
0%
#178207620500
1!
1%
b11011 )
#178249287000
0!
0%
#178290953500
1!
1%
b11100 )
#178332620000
0!
0%
#178374286500
1!
1%
b11101 )
#178415953000
0!
0%
#178457619500
1!
1%
b11110 )
#178499286000
0!
0%
#178540952500
1!
1%
b11111 )
#178582619000
0!
0%
#178624285500
1!
1%
b100000 )
#178665952000
0!
0%
#178707618500
1!
1%
b100001 )
#178749285000
0!
0%
#178790951500
1!
1%
b100010 )
#178832618000
0!
0%
#178874284500
1!
1%
b100011 )
#178915951000
0!
0%
#178957617500
1!
1%
b100100 )
#178999284000
0!
0%
#179040950500
1!
1%
b100101 )
#179082617000
0!
0%
#179124283500
1!
1%
b100110 )
#179165950000
0!
0%
#179207616500
1!
1%
b100111 )
#179249283000
0!
0%
#179290949500
1!
1%
b101000 )
#179332616000
0!
0%
#179374282500
1!
1%
b101001 )
#179415949000
0!
0%
#179457615500
1!
1%
b101010 )
#179499282000
0!
0%
#179540948500
1!
1%
b101011 )
#179582615000
0!
0%
#179624281500
1!
1%
b101100 )
#179665948000
0!
0%
#179707614500
1!
1%
b101101 )
#179749281000
0!
0%
#179790947500
1!
1%
b101110 )
#179832614000
0!
0%
#179874280500
1!
1%
b101111 )
#179915947000
0!
0%
#179957613500
1!
1%
b110000 )
#179999280000
0!
0%
#180040946500
1!
1%
b110001 )
#180082613000
0!
0%
#180124279500
1!
1%
b110010 )
#180165946000
0!
0%
#180207612500
1!
0$
1%
0(
b110011 )
#180249279000
0!
0%
#180290945500
1!
1%
b110100 )
#180332612000
0!
0%
#180374278500
1!
1%
b110101 )
#180415945000
0!
0%
#180457611500
1!
1%
b110110 )
#180499278000
0!
0%
#180540944500
1!
1%
b110111 )
#180582611000
0!
0%
#180624277500
1!
1%
b111000 )
#180665944000
0!
0%
#180707610500
1!
1%
b111001 )
#180749277000
0!
0%
#180790943500
1!
1%
b111010 )
#180832610000
0!
0%
#180874276500
1!
1%
b111011 )
#180915943000
0!
0%
#180957609500
1!
1%
b111100 )
#180999276000
0!
0%
#181040942500
1!
1%
b111101 )
#181082609000
0!
0%
#181124275500
1!
1%
b111110 )
#181165942000
0!
0%
#181207608500
1!
1%
b111111 )
#181249275000
0!
0%
#181290941500
1!
1%
b1000000 )
#181332608000
0!
0%
#181374274500
1!
1%
b1000001 )
#181415941000
0!
0%
#181457607500
1!
1%
b1000010 )
#181499274000
0!
0%
#181540940500
1!
1%
b1000011 )
#181582607000
0!
0%
#181624273500
1!
1%
b1000100 )
#181665940000
0!
0%
#181707606500
1!
1%
b1000101 )
#181749273000
0!
0%
#181790939500
1!
1%
b1000110 )
#181832606000
0!
0%
#181874272500
1!
1%
b1000111 )
#181915939000
0!
0%
#181957605500
1!
1%
b1001000 )
#181999272000
0!
0%
#182040938500
1!
1%
b1001001 )
#182082605000
0!
0%
#182124271500
1!
1%
b1001010 )
#182165938000
0!
0%
#182207604500
1!
1%
b1001011 )
#182249271000
0!
0%
#182290937500
1!
1%
b1001100 )
#182332604000
0!
0%
#182374270500
1!
1%
b1001101 )
#182415937000
0!
0%
#182457603500
1!
1%
b1001110 )
#182499270000
0!
0%
#182540936500
1!
1%
b1001111 )
#182582603000
0!
0%
#182624269500
1!
1%
b1010000 )
#182665936000
0!
0%
#182707602500
1!
1%
b1010001 )
#182749269000
0!
0%
#182790935500
1!
1%
b1010010 )
#182832602000
0!
0%
#182874268500
1!
1%
b1010011 )
#182915935000
0!
0%
#182957601500
1!
1%
b1010100 )
#182999268000
0!
0%
#183040934500
1!
1%
b1010101 )
#183082601000
0!
0%
#183124267500
1!
1%
b1010110 )
#183165934000
0!
0%
#183207600500
1!
1%
b1010111 )
#183249267000
0!
0%
#183290933500
1!
1%
b1011000 )
#183332600000
0!
0%
#183374266500
1!
1%
b1011001 )
#183415933000
0!
0%
#183457599500
1!
1%
b1011010 )
#183499266000
0!
0%
#183540932500
1!
1%
b1011011 )
#183582599000
0!
0%
#183624265500
1!
1%
b1011100 )
#183665932000
0!
0%
#183707598500
1!
1%
b1011101 )
#183749265000
0!
0%
#183790931500
1!
1%
b1011110 )
#183832598000
0!
0%
#183874264500
1!
1%
b1011111 )
#183915931000
0!
0%
#183957597500
1!
1%
b1100000 )
#183999264000
0!
0%
#184040930500
1!
1%
b1100001 )
#184082597000
0!
0%
#184124263500
1!
1%
b1100010 )
#184165930000
0!
0%
#184207596500
1!
1%
b1100011 )
#184249263000
0!
0%
#184290929500
1!
1%
b0 )
#184332596000
0!
0%
#184374262500
1!
1$
1%
1(
b1 )
#184415929000
0!
0%
#184457595500
1!
1%
b10 )
#184499262000
0!
0%
#184540928500
1!
1%
b11 )
#184582595000
0!
0%
#184624261500
1!
1%
b100 )
#184665928000
0!
0%
#184707594500
1!
1%
b101 )
#184749261000
0!
0%
#184790927500
1!
1%
b110 )
#184832594000
0!
0%
#184874260500
1!
1%
b111 )
#184915927000
0!
0%
#184957593500
1!
1%
b1000 )
#184999260000
0!
0%
#185040926500
1!
1%
b1001 )
#185082593000
0!
0%
#185124259500
1!
1%
b1010 )
#185165926000
0!
0%
#185207592500
1!
1%
b1011 )
#185249259000
0!
0%
#185290925500
1!
1%
b1100 )
#185332592000
0!
0%
#185374258500
1!
1%
b1101 )
#185415925000
0!
0%
#185457591500
1!
1%
b1110 )
#185499258000
0!
0%
#185540924500
1!
1%
b1111 )
#185582591000
0!
0%
#185624257500
1!
1%
b10000 )
#185665924000
0!
0%
#185707590500
1!
1%
b10001 )
#185749257000
0!
0%
#185790923500
1!
1%
b10010 )
#185832590000
0!
0%
#185874256500
1!
1%
b10011 )
#185915923000
0!
0%
#185957589500
1!
1%
b10100 )
#185999256000
0!
0%
#186040922500
1!
1%
b10101 )
#186082589000
0!
0%
#186124255500
1!
1%
b10110 )
#186165922000
0!
0%
#186207588500
1!
1%
b10111 )
#186249255000
0!
0%
#186290921500
1!
1%
b11000 )
#186332588000
0!
0%
#186374254500
1!
1%
b11001 )
#186415921000
0!
0%
#186457587500
1!
1%
b11010 )
#186499254000
0!
0%
#186540920500
1!
1%
b11011 )
#186582587000
0!
0%
#186624253500
1!
1%
b11100 )
#186665920000
0!
0%
#186707586500
1!
1%
b11101 )
#186749253000
0!
0%
#186790919500
1!
1%
b11110 )
#186832586000
0!
0%
#186874252500
1!
1%
b11111 )
#186915919000
0!
0%
#186957585500
1!
1%
b100000 )
#186999252000
0!
0%
#187040918500
1!
1%
b100001 )
#187082585000
0!
0%
#187124251500
1!
1%
b100010 )
#187165918000
0!
0%
#187207584500
1!
1%
b100011 )
#187249251000
0!
0%
#187290917500
1!
1%
b100100 )
#187332584000
0!
0%
#187374250500
1!
1%
b100101 )
#187415917000
0!
0%
#187457583500
1!
1%
b100110 )
#187499250000
0!
0%
#187540916500
1!
1%
b100111 )
#187582583000
0!
0%
#187624249500
1!
1%
b101000 )
#187665916000
0!
0%
#187707582500
1!
1%
b101001 )
#187749249000
0!
0%
#187790915500
1!
1%
b101010 )
#187832582000
0!
0%
#187874248500
1!
1%
b101011 )
#187915915000
0!
0%
#187957581500
1!
1%
b101100 )
#187999248000
0!
0%
#188040914500
1!
1%
b101101 )
#188082581000
0!
0%
#188124247500
1!
1%
b101110 )
#188165914000
0!
0%
#188207580500
1!
1%
b101111 )
#188249247000
0!
0%
#188290913500
1!
1%
b110000 )
#188332580000
0!
0%
#188374246500
1!
1%
b110001 )
#188415913000
0!
0%
#188457579500
1!
1%
b110010 )
#188499246000
0!
0%
#188540912500
1!
0$
1%
0(
b110011 )
#188582579000
0!
0%
#188624245500
1!
1%
b110100 )
#188665912000
0!
0%
#188707578500
1!
1%
b110101 )
#188749245000
0!
0%
#188790911500
1!
1%
b110110 )
#188832578000
0!
0%
#188874244500
1!
1%
b110111 )
#188915911000
0!
0%
#188957577500
1!
1%
b111000 )
#188999244000
0!
0%
#189040910500
1!
1%
b111001 )
#189082577000
0!
0%
#189124243500
1!
1%
b111010 )
#189165910000
0!
0%
#189207576500
1!
1%
b111011 )
#189249243000
0!
0%
#189290909500
1!
1%
b111100 )
#189332576000
0!
0%
#189374242500
1!
1%
b111101 )
#189415909000
0!
0%
#189457575500
1!
1%
b111110 )
#189499242000
0!
0%
#189540908500
1!
1%
b111111 )
#189582575000
0!
0%
#189624241500
1!
1%
b1000000 )
#189665908000
0!
0%
#189707574500
1!
1%
b1000001 )
#189749241000
0!
0%
#189790907500
1!
1%
b1000010 )
#189832574000
0!
0%
#189874240500
1!
1%
b1000011 )
#189915907000
0!
0%
#189957573500
1!
1%
b1000100 )
#189999240000
0!
0%
#190040906500
1!
1%
b1000101 )
#190082573000
0!
0%
#190124239500
1!
1%
b1000110 )
#190165906000
0!
0%
#190207572500
1!
1%
b1000111 )
#190249239000
0!
0%
#190290905500
1!
1%
b1001000 )
#190332572000
0!
0%
#190374238500
1!
1%
b1001001 )
#190415905000
0!
0%
#190457571500
1!
1%
b1001010 )
#190499238000
0!
0%
#190540904500
1!
1%
b1001011 )
#190582571000
0!
0%
#190624237500
1!
1%
b1001100 )
#190665904000
0!
0%
#190707570500
1!
1%
b1001101 )
#190749237000
0!
0%
#190790903500
1!
1%
b1001110 )
#190832570000
0!
0%
#190874236500
1!
1%
b1001111 )
#190915903000
0!
0%
#190957569500
1!
1%
b1010000 )
#190999236000
0!
0%
#191040902500
1!
1%
b1010001 )
#191082569000
0!
0%
#191124235500
1!
1%
b1010010 )
#191165902000
0!
0%
#191207568500
1!
1%
b1010011 )
#191249235000
0!
0%
#191290901500
1!
1%
b1010100 )
#191332568000
0!
0%
#191374234500
1!
1%
b1010101 )
#191415901000
0!
0%
#191457567500
1!
1%
b1010110 )
#191499234000
0!
0%
#191540900500
1!
1%
b1010111 )
#191582567000
0!
0%
#191624233500
1!
1%
b1011000 )
#191665900000
0!
0%
#191707566500
1!
1%
b1011001 )
#191749233000
0!
0%
#191790899500
1!
1%
b1011010 )
#191832566000
0!
0%
#191874232500
1!
1%
b1011011 )
#191915899000
0!
0%
#191957565500
1!
1%
b1011100 )
#191999232000
0!
0%
#192040898500
1!
1%
b1011101 )
#192082565000
0!
0%
#192124231500
1!
1%
b1011110 )
#192165898000
0!
0%
#192207564500
1!
1%
b1011111 )
#192249231000
0!
0%
#192290897500
1!
1%
b1100000 )
#192332564000
0!
0%
#192374230500
1!
1%
b1100001 )
#192415897000
0!
0%
#192457563500
1!
1%
b1100010 )
#192499230000
0!
0%
#192540896500
1!
1%
b1100011 )
#192582563000
0!
0%
#192624229500
1!
1%
b0 )
#192665896000
0!
0%
#192707562500
1!
1$
1%
1(
b1 )
#192749229000
0!
0%
#192790895500
1!
1%
b10 )
#192832562000
0!
0%
#192874228500
1!
1%
b11 )
#192915895000
0!
0%
#192957561500
1!
1%
b100 )
#192999228000
0!
0%
#193040894500
1!
1%
b101 )
#193082561000
0!
0%
#193124227500
1!
1%
b110 )
#193165894000
0!
0%
#193207560500
1!
1%
b111 )
#193249227000
0!
0%
#193290893500
1!
1%
b1000 )
#193332560000
0!
0%
#193374226500
1!
1%
b1001 )
#193415893000
0!
0%
#193457559500
1!
1%
b1010 )
#193499226000
0!
0%
#193540892500
1!
1%
b1011 )
#193582559000
0!
0%
#193624225500
1!
1%
b1100 )
#193665892000
0!
0%
#193707558500
1!
1%
b1101 )
#193749225000
0!
0%
#193790891500
1!
1%
b1110 )
#193832558000
0!
0%
#193874224500
1!
1%
b1111 )
#193915891000
0!
0%
#193957557500
1!
1%
b10000 )
#193999224000
0!
0%
#194040890500
1!
1%
b10001 )
#194082557000
0!
0%
#194124223500
1!
1%
b10010 )
#194165890000
0!
0%
#194207556500
1!
1%
b10011 )
#194249223000
0!
0%
#194290889500
1!
1%
b10100 )
#194332556000
0!
0%
#194374222500
1!
1%
b10101 )
#194415889000
0!
0%
#194457555500
1!
1%
b10110 )
#194499222000
0!
0%
#194540888500
1!
1%
b10111 )
#194582555000
0!
0%
#194624221500
1!
1%
b11000 )
#194665888000
0!
0%
#194707554500
1!
1%
b11001 )
#194749221000
0!
0%
#194790887500
1!
1%
b11010 )
#194832554000
0!
0%
#194874220500
1!
1%
b11011 )
#194915887000
0!
0%
#194957553500
1!
1%
b11100 )
#194999220000
0!
0%
#195040886500
1!
1%
b11101 )
#195082553000
0!
0%
#195124219500
1!
1%
b11110 )
#195165886000
0!
0%
#195207552500
1!
1%
b11111 )
#195249219000
0!
0%
#195290885500
1!
1%
b100000 )
#195332552000
0!
0%
#195374218500
1!
1%
b100001 )
#195415885000
0!
0%
#195457551500
1!
1%
b100010 )
#195499218000
0!
0%
#195540884500
1!
1%
b100011 )
#195582551000
0!
0%
#195624217500
1!
1%
b100100 )
#195665884000
0!
0%
#195707550500
1!
1%
b100101 )
#195749217000
0!
0%
#195790883500
1!
1%
b100110 )
#195832550000
0!
0%
#195874216500
1!
1%
b100111 )
#195915883000
0!
0%
#195957549500
1!
1%
b101000 )
#195999216000
0!
0%
#196040882500
1!
1%
b101001 )
#196082549000
0!
0%
#196124215500
1!
1%
b101010 )
#196165882000
0!
0%
#196207548500
1!
1%
b101011 )
#196249215000
0!
0%
#196290881500
1!
1%
b101100 )
#196332548000
0!
0%
#196374214500
1!
1%
b101101 )
#196415881000
0!
0%
#196457547500
1!
1%
b101110 )
#196499214000
0!
0%
#196540880500
1!
1%
b101111 )
#196582547000
0!
0%
#196624213500
1!
1%
b110000 )
#196665880000
0!
0%
#196707546500
1!
1%
b110001 )
#196749213000
0!
0%
#196790879500
1!
1%
b110010 )
#196832546000
0!
0%
#196874212500
1!
0$
1%
0(
b110011 )
#196915879000
0!
0%
#196957545500
1!
1%
b110100 )
#196999212000
0!
0%
#197040878500
1!
1%
b110101 )
#197082545000
0!
0%
#197124211500
1!
1%
b110110 )
#197165878000
0!
0%
#197207544500
1!
1%
b110111 )
#197249211000
0!
0%
#197290877500
1!
1%
b111000 )
#197332544000
0!
0%
#197374210500
1!
1%
b111001 )
#197415877000
0!
0%
#197457543500
1!
1%
b111010 )
#197499210000
0!
0%
#197540876500
1!
1%
b111011 )
#197582543000
0!
0%
#197624209500
1!
1%
b111100 )
#197665876000
0!
0%
#197707542500
1!
1%
b111101 )
#197749209000
0!
0%
#197790875500
1!
1%
b111110 )
#197832542000
0!
0%
#197874208500
1!
1%
b111111 )
#197915875000
0!
0%
#197957541500
1!
1%
b1000000 )
#197999208000
0!
0%
#198040874500
1!
1%
b1000001 )
#198082541000
0!
0%
#198124207500
1!
1%
b1000010 )
#198165874000
0!
0%
#198207540500
1!
1%
b1000011 )
#198249207000
0!
0%
#198290873500
1!
1%
b1000100 )
#198332540000
0!
0%
#198374206500
1!
1%
b1000101 )
#198415873000
0!
0%
#198457539500
1!
1%
b1000110 )
#198499206000
0!
0%
#198540872500
1!
1%
b1000111 )
#198582539000
0!
0%
#198624205500
1!
1%
b1001000 )
#198665872000
0!
0%
#198707538500
1!
1%
b1001001 )
#198749205000
0!
0%
#198790871500
1!
1%
b1001010 )
#198832538000
0!
0%
#198874204500
1!
1%
b1001011 )
#198915871000
0!
0%
#198957537500
1!
1%
b1001100 )
#198999204000
0!
0%
#199040870500
1!
1%
b1001101 )
#199082537000
0!
0%
#199124203500
1!
1%
b1001110 )
#199165870000
0!
0%
#199207536500
1!
1%
b1001111 )
#199249203000
0!
0%
#199290869500
1!
1%
b1010000 )
#199332536000
0!
0%
#199374202500
1!
1%
b1010001 )
#199415869000
0!
0%
#199457535500
1!
1%
b1010010 )
#199499202000
0!
0%
#199540868500
1!
1%
b1010011 )
#199582535000
0!
0%
#199624201500
1!
1%
b1010100 )
#199665868000
0!
0%
#199707534500
1!
1%
b1010101 )
#199749201000
0!
0%
#199790867500
1!
1%
b1010110 )
#199832534000
0!
0%
#199874200500
1!
1%
b1010111 )
#199915867000
0!
0%
#199957533500
1!
1%
b1011000 )
#199999200000
0!
0%
#200040866500
1!
1%
b1011001 )
#200082533000
0!
0%
#200124199500
1!
1%
b1011010 )
#200165866000
0!
0%
#200207532500
1!
1%
b1011011 )
#200249199000
0!
0%
#200290865500
1!
1%
b1011100 )
#200332532000
0!
0%
#200374198500
1!
1%
b1011101 )
#200415865000
0!
0%
#200457531500
1!
1%
b1011110 )
#200499198000
0!
0%
#200540864500
1!
1%
b1011111 )
#200582531000
0!
0%
#200624197500
1!
1%
b1100000 )
#200665864000
0!
0%
#200707530500
1!
1%
b1100001 )
#200749197000
0!
0%
#200790863500
1!
1%
b1100010 )
#200832530000
0!
0%
#200874196500
1!
1%
b1100011 )
#200915863000
0!
0%
#200957529500
1!
1%
b0 )
#200999196000
0!
0%
#201000000000
b1001011 #
b1001011 '
b1001011 *
#201040862500
1!
1$
1%
1(
b1 )
#201082529000
0!
0%
#201124195500
1!
1%
b10 )
#201165862000
0!
0%
#201207528500
1!
1%
b11 )
#201249195000
0!
0%
#201290861500
1!
1%
b100 )
#201332528000
0!
0%
#201374194500
1!
1%
b101 )
#201415861000
0!
0%
#201457527500
1!
1%
b110 )
#201499194000
0!
0%
#201540860500
1!
1%
b111 )
#201582527000
0!
0%
#201624193500
1!
1%
b1000 )
#201665860000
0!
0%
#201707526500
1!
1%
b1001 )
#201749193000
0!
0%
#201790859500
1!
1%
b1010 )
#201832526000
0!
0%
#201874192500
1!
1%
b1011 )
#201915859000
0!
0%
#201957525500
1!
1%
b1100 )
#201999192000
0!
0%
#202040858500
1!
1%
b1101 )
#202082525000
0!
0%
#202124191500
1!
1%
b1110 )
#202165858000
0!
0%
#202207524500
1!
1%
b1111 )
#202249191000
0!
0%
#202290857500
1!
1%
b10000 )
#202332524000
0!
0%
#202374190500
1!
1%
b10001 )
#202415857000
0!
0%
#202457523500
1!
1%
b10010 )
#202499190000
0!
0%
#202540856500
1!
1%
b10011 )
#202582523000
0!
0%
#202624189500
1!
1%
b10100 )
#202665856000
0!
0%
#202707522500
1!
1%
b10101 )
#202749189000
0!
0%
#202790855500
1!
1%
b10110 )
#202832522000
0!
0%
#202874188500
1!
1%
b10111 )
#202915855000
0!
0%
#202957521500
1!
1%
b11000 )
#202999188000
0!
0%
#203040854500
1!
1%
b11001 )
#203082521000
0!
0%
#203124187500
1!
1%
b11010 )
#203165854000
0!
0%
#203207520500
1!
1%
b11011 )
#203249187000
0!
0%
#203290853500
1!
1%
b11100 )
#203332520000
0!
0%
#203374186500
1!
1%
b11101 )
#203415853000
0!
0%
#203457519500
1!
1%
b11110 )
#203499186000
0!
0%
#203540852500
1!
1%
b11111 )
#203582519000
0!
0%
#203624185500
1!
1%
b100000 )
#203665852000
0!
0%
#203707518500
1!
1%
b100001 )
#203749185000
0!
0%
#203790851500
1!
1%
b100010 )
#203832518000
0!
0%
#203874184500
1!
1%
b100011 )
#203915851000
0!
0%
#203957517500
1!
1%
b100100 )
#203999184000
0!
0%
#204040850500
1!
1%
b100101 )
#204082517000
0!
0%
#204124183500
1!
1%
b100110 )
#204165850000
0!
0%
#204207516500
1!
1%
b100111 )
#204249183000
0!
0%
#204290849500
1!
1%
b101000 )
#204332516000
0!
0%
#204374182500
1!
1%
b101001 )
#204415849000
0!
0%
#204457515500
1!
1%
b101010 )
#204499182000
0!
0%
#204540848500
1!
1%
b101011 )
#204582515000
0!
0%
#204624181500
1!
1%
b101100 )
#204665848000
0!
0%
#204707514500
1!
1%
b101101 )
#204749181000
0!
0%
#204790847500
1!
1%
b101110 )
#204832514000
0!
0%
#204874180500
1!
1%
b101111 )
#204915847000
0!
0%
#204957513500
1!
1%
b110000 )
#204999180000
0!
0%
#205040846500
1!
1%
b110001 )
#205082513000
0!
0%
#205124179500
1!
1%
b110010 )
#205165846000
0!
0%
#205207512500
1!
1%
b110011 )
#205249179000
0!
0%
#205290845500
1!
1%
b110100 )
#205332512000
0!
0%
#205374178500
1!
1%
b110101 )
#205415845000
0!
0%
#205457511500
1!
1%
b110110 )
#205499178000
0!
0%
#205540844500
1!
1%
b110111 )
#205582511000
0!
0%
#205624177500
1!
1%
b111000 )
#205665844000
0!
0%
#205707510500
1!
1%
b111001 )
#205749177000
0!
0%
#205790843500
1!
1%
b111010 )
#205832510000
0!
0%
#205874176500
1!
1%
b111011 )
#205915843000
0!
0%
#205957509500
1!
1%
b111100 )
#205999176000
0!
0%
#206040842500
1!
1%
b111101 )
#206082509000
0!
0%
#206124175500
1!
1%
b111110 )
#206165842000
0!
0%
#206207508500
1!
1%
b111111 )
#206249175000
0!
0%
#206290841500
1!
1%
b1000000 )
#206332508000
0!
0%
#206374174500
1!
1%
b1000001 )
#206415841000
0!
0%
#206457507500
1!
1%
b1000010 )
#206499174000
0!
0%
#206540840500
1!
1%
b1000011 )
#206582507000
0!
0%
#206624173500
1!
1%
b1000100 )
#206665840000
0!
0%
#206707506500
1!
1%
b1000101 )
#206749173000
0!
0%
#206790839500
1!
1%
b1000110 )
#206832506000
0!
0%
#206874172500
1!
1%
b1000111 )
#206915839000
0!
0%
#206957505500
1!
1%
b1001000 )
#206999172000
0!
0%
#207040838500
1!
1%
b1001001 )
#207082505000
0!
0%
#207124171500
1!
1%
b1001010 )
#207165838000
0!
0%
#207207504500
1!
1%
b1001011 )
#207249171000
0!
0%
#207290837500
1!
0$
1%
0(
b1001100 )
#207332504000
0!
0%
#207374170500
1!
1%
b1001101 )
#207415837000
0!
0%
#207457503500
1!
1%
b1001110 )
#207499170000
0!
0%
#207540836500
1!
1%
b1001111 )
#207582503000
0!
0%
#207624169500
1!
1%
b1010000 )
#207665836000
0!
0%
#207707502500
1!
1%
b1010001 )
#207749169000
0!
0%
#207790835500
1!
1%
b1010010 )
#207832502000
0!
0%
#207874168500
1!
1%
b1010011 )
#207915835000
0!
0%
#207957501500
1!
1%
b1010100 )
#207999168000
0!
0%
#208040834500
1!
1%
b1010101 )
#208082501000
0!
0%
#208124167500
1!
1%
b1010110 )
#208165834000
0!
0%
#208207500500
1!
1%
b1010111 )
#208249167000
0!
0%
#208290833500
1!
1%
b1011000 )
#208332500000
0!
0%
#208374166500
1!
1%
b1011001 )
#208415833000
0!
0%
#208457499500
1!
1%
b1011010 )
#208499166000
0!
0%
#208540832500
1!
1%
b1011011 )
#208582499000
0!
0%
#208624165500
1!
1%
b1011100 )
#208665832000
0!
0%
#208707498500
1!
1%
b1011101 )
#208749165000
0!
0%
#208790831500
1!
1%
b1011110 )
#208832498000
0!
0%
#208874164500
1!
1%
b1011111 )
#208915831000
0!
0%
#208957497500
1!
1%
b1100000 )
#208999164000
0!
0%
#209040830500
1!
1%
b1100001 )
#209082497000
0!
0%
#209124163500
1!
1%
b1100010 )
#209165830000
0!
0%
#209207496500
1!
1%
b1100011 )
#209249163000
0!
0%
#209290829500
1!
1%
b0 )
#209332496000
0!
0%
#209374162500
1!
1$
1%
1(
b1 )
#209415829000
0!
0%
#209457495500
1!
1%
b10 )
#209499162000
0!
0%
#209540828500
1!
1%
b11 )
#209582495000
0!
0%
#209624161500
1!
1%
b100 )
#209665828000
0!
0%
#209707494500
1!
1%
b101 )
#209749161000
0!
0%
#209790827500
1!
1%
b110 )
#209832494000
0!
0%
#209874160500
1!
1%
b111 )
#209915827000
0!
0%
#209957493500
1!
1%
b1000 )
#209999160000
0!
0%
#210040826500
1!
1%
b1001 )
#210082493000
0!
0%
#210124159500
1!
1%
b1010 )
#210165826000
0!
0%
#210207492500
1!
1%
b1011 )
#210249159000
0!
0%
#210290825500
1!
1%
b1100 )
#210332492000
0!
0%
#210374158500
1!
1%
b1101 )
#210415825000
0!
0%
#210457491500
1!
1%
b1110 )
#210499158000
0!
0%
#210540824500
1!
1%
b1111 )
#210582491000
0!
0%
#210624157500
1!
1%
b10000 )
#210665824000
0!
0%
#210707490500
1!
1%
b10001 )
#210749157000
0!
0%
#210790823500
1!
1%
b10010 )
#210832490000
0!
0%
#210874156500
1!
1%
b10011 )
#210915823000
0!
0%
#210957489500
1!
1%
b10100 )
#210999156000
0!
0%
#211040822500
1!
1%
b10101 )
#211082489000
0!
0%
#211124155500
1!
1%
b10110 )
#211165822000
0!
0%
#211207488500
1!
1%
b10111 )
#211249155000
0!
0%
#211290821500
1!
1%
b11000 )
#211332488000
0!
0%
#211374154500
1!
1%
b11001 )
#211415821000
0!
0%
#211457487500
1!
1%
b11010 )
#211499154000
0!
0%
#211540820500
1!
1%
b11011 )
#211582487000
0!
0%
#211624153500
1!
1%
b11100 )
#211665820000
0!
0%
#211707486500
1!
1%
b11101 )
#211749153000
0!
0%
#211790819500
1!
1%
b11110 )
#211832486000
0!
0%
#211874152500
1!
1%
b11111 )
#211915819000
0!
0%
#211957485500
1!
1%
b100000 )
#211999152000
0!
0%
#212040818500
1!
1%
b100001 )
#212082485000
0!
0%
#212124151500
1!
1%
b100010 )
#212165818000
0!
0%
#212207484500
1!
1%
b100011 )
#212249151000
0!
0%
#212290817500
1!
1%
b100100 )
#212332484000
0!
0%
#212374150500
1!
1%
b100101 )
#212415817000
0!
0%
#212457483500
1!
1%
b100110 )
#212499150000
0!
0%
#212540816500
1!
1%
b100111 )
#212582483000
0!
0%
#212624149500
1!
1%
b101000 )
#212665816000
0!
0%
#212707482500
1!
1%
b101001 )
#212749149000
0!
0%
#212790815500
1!
1%
b101010 )
#212832482000
0!
0%
#212874148500
1!
1%
b101011 )
#212915815000
0!
0%
#212957481500
1!
1%
b101100 )
#212999148000
0!
0%
#213040814500
1!
1%
b101101 )
#213082481000
0!
0%
#213124147500
1!
1%
b101110 )
#213165814000
0!
0%
#213207480500
1!
1%
b101111 )
#213249147000
0!
0%
#213290813500
1!
1%
b110000 )
#213332480000
0!
0%
#213374146500
1!
1%
b110001 )
#213415813000
0!
0%
#213457479500
1!
1%
b110010 )
#213499146000
0!
0%
#213540812500
1!
1%
b110011 )
#213582479000
0!
0%
#213624145500
1!
1%
b110100 )
#213665812000
0!
0%
#213707478500
1!
1%
b110101 )
#213749145000
0!
0%
#213790811500
1!
1%
b110110 )
#213832478000
0!
0%
#213874144500
1!
1%
b110111 )
#213915811000
0!
0%
#213957477500
1!
1%
b111000 )
#213999144000
0!
0%
#214040810500
1!
1%
b111001 )
#214082477000
0!
0%
#214124143500
1!
1%
b111010 )
#214165810000
0!
0%
#214207476500
1!
1%
b111011 )
#214249143000
0!
0%
#214290809500
1!
1%
b111100 )
#214332476000
0!
0%
#214374142500
1!
1%
b111101 )
#214415809000
0!
0%
#214457475500
1!
1%
b111110 )
#214499142000
0!
0%
#214540808500
1!
1%
b111111 )
#214582475000
0!
0%
#214624141500
1!
1%
b1000000 )
#214665808000
0!
0%
#214707474500
1!
1%
b1000001 )
#214749141000
0!
0%
#214790807500
1!
1%
b1000010 )
#214832474000
0!
0%
#214874140500
1!
1%
b1000011 )
#214915807000
0!
0%
#214957473500
1!
1%
b1000100 )
#214999140000
0!
0%
#215040806500
1!
1%
b1000101 )
#215082473000
0!
0%
#215124139500
1!
1%
b1000110 )
#215165806000
0!
0%
#215207472500
1!
1%
b1000111 )
#215249139000
0!
0%
#215290805500
1!
1%
b1001000 )
#215332472000
0!
0%
#215374138500
1!
1%
b1001001 )
#215415805000
0!
0%
#215457471500
1!
1%
b1001010 )
#215499138000
0!
0%
#215540804500
1!
1%
b1001011 )
#215582471000
0!
0%
#215624137500
1!
0$
1%
0(
b1001100 )
#215665804000
0!
0%
#215707470500
1!
1%
b1001101 )
#215749137000
0!
0%
#215790803500
1!
1%
b1001110 )
#215832470000
0!
0%
#215874136500
1!
1%
b1001111 )
#215915803000
0!
0%
#215957469500
1!
1%
b1010000 )
#215999136000
0!
0%
#216040802500
1!
1%
b1010001 )
#216082469000
0!
0%
#216124135500
1!
1%
b1010010 )
#216165802000
0!
0%
#216207468500
1!
1%
b1010011 )
#216249135000
0!
0%
#216290801500
1!
1%
b1010100 )
#216332468000
0!
0%
#216374134500
1!
1%
b1010101 )
#216415801000
0!
0%
#216457467500
1!
1%
b1010110 )
#216499134000
0!
0%
#216540800500
1!
1%
b1010111 )
#216582467000
0!
0%
#216624133500
1!
1%
b1011000 )
#216665800000
0!
0%
#216707466500
1!
1%
b1011001 )
#216749133000
0!
0%
#216790799500
1!
1%
b1011010 )
#216832466000
0!
0%
#216874132500
1!
1%
b1011011 )
#216915799000
0!
0%
#216957465500
1!
1%
b1011100 )
#216999132000
0!
0%
#217040798500
1!
1%
b1011101 )
#217082465000
0!
0%
#217124131500
1!
1%
b1011110 )
#217165798000
0!
0%
#217207464500
1!
1%
b1011111 )
#217249131000
0!
0%
#217290797500
1!
1%
b1100000 )
#217332464000
0!
0%
#217374130500
1!
1%
b1100001 )
#217415797000
0!
0%
#217457463500
1!
1%
b1100010 )
#217499130000
0!
0%
#217540796500
1!
1%
b1100011 )
#217582463000
0!
0%
#217624129500
1!
1%
b0 )
#217665796000
0!
0%
#217707462500
1!
1$
1%
1(
b1 )
#217749129000
0!
0%
#217790795500
1!
1%
b10 )
#217832462000
0!
0%
#217874128500
1!
1%
b11 )
#217915795000
0!
0%
#217957461500
1!
1%
b100 )
#217999128000
0!
0%
#218040794500
1!
1%
b101 )
#218082461000
0!
0%
#218124127500
1!
1%
b110 )
#218165794000
0!
0%
#218207460500
1!
1%
b111 )
#218249127000
0!
0%
#218290793500
1!
1%
b1000 )
#218332460000
0!
0%
#218374126500
1!
1%
b1001 )
#218415793000
0!
0%
#218457459500
1!
1%
b1010 )
#218499126000
0!
0%
#218540792500
1!
1%
b1011 )
#218582459000
0!
0%
#218624125500
1!
1%
b1100 )
#218665792000
0!
0%
#218707458500
1!
1%
b1101 )
#218749125000
0!
0%
#218790791500
1!
1%
b1110 )
#218832458000
0!
0%
#218874124500
1!
1%
b1111 )
#218915791000
0!
0%
#218957457500
1!
1%
b10000 )
#218999124000
0!
0%
#219040790500
1!
1%
b10001 )
#219082457000
0!
0%
#219124123500
1!
1%
b10010 )
#219165790000
0!
0%
#219207456500
1!
1%
b10011 )
#219249123000
0!
0%
#219290789500
1!
1%
b10100 )
#219332456000
0!
0%
#219374122500
1!
1%
b10101 )
#219415789000
0!
0%
#219457455500
1!
1%
b10110 )
#219499122000
0!
0%
#219540788500
1!
1%
b10111 )
#219582455000
0!
0%
#219624121500
1!
1%
b11000 )
#219665788000
0!
0%
#219707454500
1!
1%
b11001 )
#219749121000
0!
0%
#219790787500
1!
1%
b11010 )
#219832454000
0!
0%
#219874120500
1!
1%
b11011 )
#219915787000
0!
0%
#219957453500
1!
1%
b11100 )
#219999120000
0!
0%
#220040786500
1!
1%
b11101 )
#220082453000
0!
0%
#220124119500
1!
1%
b11110 )
#220165786000
0!
0%
#220207452500
1!
1%
b11111 )
#220249119000
0!
0%
#220290785500
1!
1%
b100000 )
#220332452000
0!
0%
#220374118500
1!
1%
b100001 )
#220415785000
0!
0%
#220457451500
1!
1%
b100010 )
#220499118000
0!
0%
#220540784500
1!
1%
b100011 )
#220582451000
0!
0%
#220624117500
1!
1%
b100100 )
#220665784000
0!
0%
#220707450500
1!
1%
b100101 )
#220749117000
0!
0%
#220790783500
1!
1%
b100110 )
#220832450000
0!
0%
#220874116500
1!
1%
b100111 )
#220915783000
0!
0%
#220957449500
1!
1%
b101000 )
#220999116000
0!
0%
#221040782500
1!
1%
b101001 )
#221082449000
0!
0%
#221124115500
1!
1%
b101010 )
#221165782000
0!
0%
#221207448500
1!
1%
b101011 )
#221249115000
0!
0%
#221290781500
1!
1%
b101100 )
#221332448000
0!
0%
#221374114500
1!
1%
b101101 )
#221415781000
0!
0%
#221457447500
1!
1%
b101110 )
#221499114000
0!
0%
#221540780500
1!
1%
b101111 )
#221582447000
0!
0%
#221624113500
1!
1%
b110000 )
#221665780000
0!
0%
#221707446500
1!
1%
b110001 )
#221749113000
0!
0%
#221790779500
1!
1%
b110010 )
#221832446000
0!
0%
#221874112500
1!
1%
b110011 )
#221915779000
0!
0%
#221957445500
1!
1%
b110100 )
#221999112000
0!
0%
#222040778500
1!
1%
b110101 )
#222082445000
0!
0%
#222124111500
1!
1%
b110110 )
#222165778000
0!
0%
#222207444500
1!
1%
b110111 )
#222249111000
0!
0%
#222290777500
1!
1%
b111000 )
#222332444000
0!
0%
#222374110500
1!
1%
b111001 )
#222415777000
0!
0%
#222457443500
1!
1%
b111010 )
#222499110000
0!
0%
#222540776500
1!
1%
b111011 )
#222582443000
0!
0%
#222624109500
1!
1%
b111100 )
#222665776000
0!
0%
#222707442500
1!
1%
b111101 )
#222749109000
0!
0%
#222790775500
1!
1%
b111110 )
#222832442000
0!
0%
#222874108500
1!
1%
b111111 )
#222915775000
0!
0%
#222957441500
1!
1%
b1000000 )
#222999108000
0!
0%
#223040774500
1!
1%
b1000001 )
#223082441000
0!
0%
#223124107500
1!
1%
b1000010 )
#223165774000
0!
0%
#223207440500
1!
1%
b1000011 )
#223249107000
0!
0%
#223290773500
1!
1%
b1000100 )
#223332440000
0!
0%
#223374106500
1!
1%
b1000101 )
#223415773000
0!
0%
#223457439500
1!
1%
b1000110 )
#223499106000
0!
0%
#223540772500
1!
1%
b1000111 )
#223582439000
0!
0%
#223624105500
1!
1%
b1001000 )
#223665772000
0!
0%
#223707438500
1!
1%
b1001001 )
#223749105000
0!
0%
#223790771500
1!
1%
b1001010 )
#223832438000
0!
0%
#223874104500
1!
1%
b1001011 )
#223915771000
0!
0%
#223957437500
1!
0$
1%
0(
b1001100 )
#223999104000
0!
0%
#224040770500
1!
1%
b1001101 )
#224082437000
0!
0%
#224124103500
1!
1%
b1001110 )
#224165770000
0!
0%
#224207436500
1!
1%
b1001111 )
#224249103000
0!
0%
#224290769500
1!
1%
b1010000 )
#224332436000
0!
0%
#224374102500
1!
1%
b1010001 )
#224415769000
0!
0%
#224457435500
1!
1%
b1010010 )
#224499102000
0!
0%
#224540768500
1!
1%
b1010011 )
#224582435000
0!
0%
#224624101500
1!
1%
b1010100 )
#224665768000
0!
0%
#224707434500
1!
1%
b1010101 )
#224749101000
0!
0%
#224790767500
1!
1%
b1010110 )
#224832434000
0!
0%
#224874100500
1!
1%
b1010111 )
#224915767000
0!
0%
#224957433500
1!
1%
b1011000 )
#224999100000
0!
0%
#225040766500
1!
1%
b1011001 )
#225082433000
0!
0%
#225124099500
1!
1%
b1011010 )
#225165766000
0!
0%
#225207432500
1!
1%
b1011011 )
#225249099000
0!
0%
#225290765500
1!
1%
b1011100 )
#225332432000
0!
0%
#225374098500
1!
1%
b1011101 )
#225415765000
0!
0%
#225457431500
1!
1%
b1011110 )
#225499098000
0!
0%
#225540764500
1!
1%
b1011111 )
#225582431000
0!
0%
#225624097500
1!
1%
b1100000 )
#225665764000
0!
0%
#225707430500
1!
1%
b1100001 )
#225749097000
0!
0%
#225790763500
1!
1%
b1100010 )
#225832430000
0!
0%
#225874096500
1!
1%
b1100011 )
#225915763000
0!
0%
#225957429500
1!
1%
b0 )
#225999096000
0!
0%
#226040762500
1!
1$
1%
1(
b1 )
#226082429000
0!
0%
#226124095500
1!
1%
b10 )
#226165762000
0!
0%
#226207428500
1!
1%
b11 )
#226249095000
0!
0%
#226290761500
1!
1%
b100 )
#226332428000
0!
0%
#226374094500
1!
1%
b101 )
#226415761000
0!
0%
#226457427500
1!
1%
b110 )
#226499094000
0!
0%
#226540760500
1!
1%
b111 )
#226582427000
0!
0%
#226624093500
1!
1%
b1000 )
#226665760000
0!
0%
#226707426500
1!
1%
b1001 )
#226749093000
0!
0%
#226790759500
1!
1%
b1010 )
#226832426000
0!
0%
#226874092500
1!
1%
b1011 )
#226915759000
0!
0%
#226957425500
1!
1%
b1100 )
#226999092000
0!
0%
#227040758500
1!
1%
b1101 )
#227082425000
0!
0%
#227124091500
1!
1%
b1110 )
#227165758000
0!
0%
#227207424500
1!
1%
b1111 )
#227249091000
0!
0%
#227290757500
1!
1%
b10000 )
#227332424000
0!
0%
#227374090500
1!
1%
b10001 )
#227415757000
0!
0%
#227457423500
1!
1%
b10010 )
#227499090000
0!
0%
#227540756500
1!
1%
b10011 )
#227582423000
0!
0%
#227624089500
1!
1%
b10100 )
#227665756000
0!
0%
#227707422500
1!
1%
b10101 )
#227749089000
0!
0%
#227790755500
1!
1%
b10110 )
#227832422000
0!
0%
#227874088500
1!
1%
b10111 )
#227915755000
0!
0%
#227957421500
1!
1%
b11000 )
#227999088000
0!
0%
#228040754500
1!
1%
b11001 )
#228082421000
0!
0%
#228124087500
1!
1%
b11010 )
#228165754000
0!
0%
#228207420500
1!
1%
b11011 )
#228249087000
0!
0%
#228290753500
1!
1%
b11100 )
#228332420000
0!
0%
#228374086500
1!
1%
b11101 )
#228415753000
0!
0%
#228457419500
1!
1%
b11110 )
#228499086000
0!
0%
#228540752500
1!
1%
b11111 )
#228582419000
0!
0%
#228624085500
1!
1%
b100000 )
#228665752000
0!
0%
#228707418500
1!
1%
b100001 )
#228749085000
0!
0%
#228790751500
1!
1%
b100010 )
#228832418000
0!
0%
#228874084500
1!
1%
b100011 )
#228915751000
0!
0%
#228957417500
1!
1%
b100100 )
#228999084000
0!
0%
#229040750500
1!
1%
b100101 )
#229082417000
0!
0%
#229124083500
1!
1%
b100110 )
#229165750000
0!
0%
#229207416500
1!
1%
b100111 )
#229249083000
0!
0%
#229290749500
1!
1%
b101000 )
#229332416000
0!
0%
#229374082500
1!
1%
b101001 )
#229415749000
0!
0%
#229457415500
1!
1%
b101010 )
#229499082000
0!
0%
#229540748500
1!
1%
b101011 )
#229582415000
0!
0%
#229624081500
1!
1%
b101100 )
#229665748000
0!
0%
#229707414500
1!
1%
b101101 )
#229749081000
0!
0%
#229790747500
1!
1%
b101110 )
#229832414000
0!
0%
#229874080500
1!
1%
b101111 )
#229915747000
0!
0%
#229957413500
1!
1%
b110000 )
#229999080000
0!
0%
#230040746500
1!
1%
b110001 )
#230082413000
0!
0%
#230124079500
1!
1%
b110010 )
#230165746000
0!
0%
#230207412500
1!
1%
b110011 )
#230249079000
0!
0%
#230290745500
1!
1%
b110100 )
#230332412000
0!
0%
#230374078500
1!
1%
b110101 )
#230415745000
0!
0%
#230457411500
1!
1%
b110110 )
#230499078000
0!
0%
#230540744500
1!
1%
b110111 )
#230582411000
0!
0%
#230624077500
1!
1%
b111000 )
#230665744000
0!
0%
#230707410500
1!
1%
b111001 )
#230749077000
0!
0%
#230790743500
1!
1%
b111010 )
#230832410000
0!
0%
#230874076500
1!
1%
b111011 )
#230915743000
0!
0%
#230957409500
1!
1%
b111100 )
#230999076000
0!
0%
#231040742500
1!
1%
b111101 )
#231082409000
0!
0%
#231124075500
1!
1%
b111110 )
#231165742000
0!
0%
#231207408500
1!
1%
b111111 )
#231249075000
0!
0%
#231290741500
1!
1%
b1000000 )
#231332408000
0!
0%
#231374074500
1!
1%
b1000001 )
#231415741000
0!
0%
#231457407500
1!
1%
b1000010 )
#231499074000
0!
0%
#231540740500
1!
1%
b1000011 )
#231582407000
0!
0%
#231624073500
1!
1%
b1000100 )
#231665740000
0!
0%
#231707406500
1!
1%
b1000101 )
#231749073000
0!
0%
#231790739500
1!
1%
b1000110 )
#231832406000
0!
0%
#231874072500
1!
1%
b1000111 )
#231915739000
0!
0%
#231957405500
1!
1%
b1001000 )
#231999072000
0!
0%
#232040738500
1!
1%
b1001001 )
#232082405000
0!
0%
#232124071500
1!
1%
b1001010 )
#232165738000
0!
0%
#232207404500
1!
1%
b1001011 )
#232249071000
0!
0%
#232290737500
1!
0$
1%
0(
b1001100 )
#232332404000
0!
0%
#232374070500
1!
1%
b1001101 )
#232415737000
0!
0%
#232457403500
1!
1%
b1001110 )
#232499070000
0!
0%
#232540736500
1!
1%
b1001111 )
#232582403000
0!
0%
#232624069500
1!
1%
b1010000 )
#232665736000
0!
0%
#232707402500
1!
1%
b1010001 )
#232749069000
0!
0%
#232790735500
1!
1%
b1010010 )
#232832402000
0!
0%
#232874068500
1!
1%
b1010011 )
#232915735000
0!
0%
#232957401500
1!
1%
b1010100 )
#232999068000
0!
0%
#233040734500
1!
1%
b1010101 )
#233082401000
0!
0%
#233124067500
1!
1%
b1010110 )
#233165734000
0!
0%
#233207400500
1!
1%
b1010111 )
#233249067000
0!
0%
#233290733500
1!
1%
b1011000 )
#233332400000
0!
0%
#233374066500
1!
1%
b1011001 )
#233415733000
0!
0%
#233457399500
1!
1%
b1011010 )
#233499066000
0!
0%
#233540732500
1!
1%
b1011011 )
#233582399000
0!
0%
#233624065500
1!
1%
b1011100 )
#233665732000
0!
0%
#233707398500
1!
1%
b1011101 )
#233749065000
0!
0%
#233790731500
1!
1%
b1011110 )
#233832398000
0!
0%
#233874064500
1!
1%
b1011111 )
#233915731000
0!
0%
#233957397500
1!
1%
b1100000 )
#233999064000
0!
0%
#234040730500
1!
1%
b1100001 )
#234082397000
0!
0%
#234124063500
1!
1%
b1100010 )
#234165730000
0!
0%
#234207396500
1!
1%
b1100011 )
#234249063000
0!
0%
#234290729500
1!
1%
b0 )
#234332396000
0!
0%
#234374062500
1!
1$
1%
1(
b1 )
#234415729000
0!
0%
#234457395500
1!
1%
b10 )
#234499062000
0!
0%
#234540728500
1!
1%
b11 )
#234582395000
0!
0%
#234624061500
1!
1%
b100 )
#234665728000
0!
0%
#234707394500
1!
1%
b101 )
#234749061000
0!
0%
#234790727500
1!
1%
b110 )
#234832394000
0!
0%
#234874060500
1!
1%
b111 )
#234915727000
0!
0%
#234957393500
1!
1%
b1000 )
#234999060000
0!
0%
#235040726500
1!
1%
b1001 )
#235082393000
0!
0%
#235124059500
1!
1%
b1010 )
#235165726000
0!
0%
#235207392500
1!
1%
b1011 )
#235249059000
0!
0%
#235290725500
1!
1%
b1100 )
#235332392000
0!
0%
#235374058500
1!
1%
b1101 )
#235415725000
0!
0%
#235457391500
1!
1%
b1110 )
#235499058000
0!
0%
#235540724500
1!
1%
b1111 )
#235582391000
0!
0%
#235624057500
1!
1%
b10000 )
#235665724000
0!
0%
#235707390500
1!
1%
b10001 )
#235749057000
0!
0%
#235790723500
1!
1%
b10010 )
#235832390000
0!
0%
#235874056500
1!
1%
b10011 )
#235915723000
0!
0%
#235957389500
1!
1%
b10100 )
#235999056000
0!
0%
#236040722500
1!
1%
b10101 )
#236082389000
0!
0%
#236124055500
1!
1%
b10110 )
#236165722000
0!
0%
#236207388500
1!
1%
b10111 )
#236249055000
0!
0%
#236290721500
1!
1%
b11000 )
#236332388000
0!
0%
#236374054500
1!
1%
b11001 )
#236415721000
0!
0%
#236457387500
1!
1%
b11010 )
#236499054000
0!
0%
#236540720500
1!
1%
b11011 )
#236582387000
0!
0%
#236624053500
1!
1%
b11100 )
#236665720000
0!
0%
#236707386500
1!
1%
b11101 )
#236749053000
0!
0%
#236790719500
1!
1%
b11110 )
#236832386000
0!
0%
#236874052500
1!
1%
b11111 )
#236915719000
0!
0%
#236957385500
1!
1%
b100000 )
#236999052000
0!
0%
#237040718500
1!
1%
b100001 )
#237082385000
0!
0%
#237124051500
1!
1%
b100010 )
#237165718000
0!
0%
#237207384500
1!
1%
b100011 )
#237249051000
0!
0%
#237290717500
1!
1%
b100100 )
#237332384000
0!
0%
#237374050500
1!
1%
b100101 )
#237415717000
0!
0%
#237457383500
1!
1%
b100110 )
#237499050000
0!
0%
#237540716500
1!
1%
b100111 )
#237582383000
0!
0%
#237624049500
1!
1%
b101000 )
#237665716000
0!
0%
#237707382500
1!
1%
b101001 )
#237749049000
0!
0%
#237790715500
1!
1%
b101010 )
#237832382000
0!
0%
#237874048500
1!
1%
b101011 )
#237915715000
0!
0%
#237957381500
1!
1%
b101100 )
#237999048000
0!
0%
#238040714500
1!
1%
b101101 )
#238082381000
0!
0%
#238124047500
1!
1%
b101110 )
#238165714000
0!
0%
#238207380500
1!
1%
b101111 )
#238249047000
0!
0%
#238290713500
1!
1%
b110000 )
#238332380000
0!
0%
#238374046500
1!
1%
b110001 )
#238415713000
0!
0%
#238457379500
1!
1%
b110010 )
#238499046000
0!
0%
#238540712500
1!
1%
b110011 )
#238582379000
0!
0%
#238624045500
1!
1%
b110100 )
#238665712000
0!
0%
#238707378500
1!
1%
b110101 )
#238749045000
0!
0%
#238790711500
1!
1%
b110110 )
#238832378000
0!
0%
#238874044500
1!
1%
b110111 )
#238915711000
0!
0%
#238957377500
1!
1%
b111000 )
#238999044000
0!
0%
#239040710500
1!
1%
b111001 )
#239082377000
0!
0%
#239124043500
1!
1%
b111010 )
#239165710000
0!
0%
#239207376500
1!
1%
b111011 )
#239249043000
0!
0%
#239290709500
1!
1%
b111100 )
#239332376000
0!
0%
#239374042500
1!
1%
b111101 )
#239415709000
0!
0%
#239457375500
1!
1%
b111110 )
#239499042000
0!
0%
#239540708500
1!
1%
b111111 )
#239582375000
0!
0%
#239624041500
1!
1%
b1000000 )
#239665708000
0!
0%
#239707374500
1!
1%
b1000001 )
#239749041000
0!
0%
#239790707500
1!
1%
b1000010 )
#239832374000
0!
0%
#239874040500
1!
1%
b1000011 )
#239915707000
0!
0%
#239957373500
1!
1%
b1000100 )
#239999040000
0!
0%
#240040706500
1!
1%
b1000101 )
#240082373000
0!
0%
#240124039500
1!
1%
b1000110 )
#240165706000
0!
0%
#240207372500
1!
1%
b1000111 )
#240249039000
0!
0%
#240290705500
1!
1%
b1001000 )
#240332372000
0!
0%
#240374038500
1!
1%
b1001001 )
#240415705000
0!
0%
#240457371500
1!
1%
b1001010 )
#240499038000
0!
0%
#240540704500
1!
1%
b1001011 )
#240582371000
0!
0%
#240624037500
1!
0$
1%
0(
b1001100 )
#240665704000
0!
0%
#240707370500
1!
1%
b1001101 )
#240749037000
0!
0%
#240790703500
1!
1%
b1001110 )
#240832370000
0!
0%
#240874036500
1!
1%
b1001111 )
#240915703000
0!
0%
#240957369500
1!
1%
b1010000 )
#240999036000
0!
0%
#241040702500
1!
1%
b1010001 )
#241082369000
0!
0%
#241124035500
1!
1%
b1010010 )
#241165702000
0!
0%
#241207368500
1!
1%
b1010011 )
#241249035000
0!
0%
#241290701500
1!
1%
b1010100 )
#241332368000
0!
0%
#241374034500
1!
1%
b1010101 )
#241415701000
0!
0%
#241457367500
1!
1%
b1010110 )
#241499034000
0!
0%
#241540700500
1!
1%
b1010111 )
#241582367000
0!
0%
#241624033500
1!
1%
b1011000 )
#241665700000
0!
0%
#241707366500
1!
1%
b1011001 )
#241749033000
0!
0%
#241790699500
1!
1%
b1011010 )
#241832366000
0!
0%
#241874032500
1!
1%
b1011011 )
#241915699000
0!
0%
#241957365500
1!
1%
b1011100 )
#241999032000
0!
0%
#242040698500
1!
1%
b1011101 )
#242082365000
0!
0%
#242124031500
1!
1%
b1011110 )
#242165698000
0!
0%
#242207364500
1!
1%
b1011111 )
#242249031000
0!
0%
#242290697500
1!
1%
b1100000 )
#242332364000
0!
0%
#242374030500
1!
1%
b1100001 )
#242415697000
0!
0%
#242457363500
1!
1%
b1100010 )
#242499030000
0!
0%
#242540696500
1!
1%
b1100011 )
#242582363000
0!
0%
#242624029500
1!
1%
b0 )
#242665696000
0!
0%
#242707362500
1!
1$
1%
1(
b1 )
#242749029000
0!
0%
#242790695500
1!
1%
b10 )
#242832362000
0!
0%
#242874028500
1!
1%
b11 )
#242915695000
0!
0%
#242957361500
1!
1%
b100 )
#242999028000
0!
0%
#243040694500
1!
1%
b101 )
#243082361000
0!
0%
#243124027500
1!
1%
b110 )
#243165694000
0!
0%
#243207360500
1!
1%
b111 )
#243249027000
0!
0%
#243290693500
1!
1%
b1000 )
#243332360000
0!
0%
#243374026500
1!
1%
b1001 )
#243415693000
0!
0%
#243457359500
1!
1%
b1010 )
#243499026000
0!
0%
#243540692500
1!
1%
b1011 )
#243582359000
0!
0%
#243624025500
1!
1%
b1100 )
#243665692000
0!
0%
#243707358500
1!
1%
b1101 )
#243749025000
0!
0%
#243790691500
1!
1%
b1110 )
#243832358000
0!
0%
#243874024500
1!
1%
b1111 )
#243915691000
0!
0%
#243957357500
1!
1%
b10000 )
#243999024000
0!
0%
#244040690500
1!
1%
b10001 )
#244082357000
0!
0%
#244124023500
1!
1%
b10010 )
#244165690000
0!
0%
#244207356500
1!
1%
b10011 )
#244249023000
0!
0%
#244290689500
1!
1%
b10100 )
#244332356000
0!
0%
#244374022500
1!
1%
b10101 )
#244415689000
0!
0%
#244457355500
1!
1%
b10110 )
#244499022000
0!
0%
#244540688500
1!
1%
b10111 )
#244582355000
0!
0%
#244624021500
1!
1%
b11000 )
#244665688000
0!
0%
#244707354500
1!
1%
b11001 )
#244749021000
0!
0%
#244790687500
1!
1%
b11010 )
#244832354000
0!
0%
#244874020500
1!
1%
b11011 )
#244915687000
0!
0%
#244957353500
1!
1%
b11100 )
#244999020000
0!
0%
#245040686500
1!
1%
b11101 )
#245082353000
0!
0%
#245124019500
1!
1%
b11110 )
#245165686000
0!
0%
#245207352500
1!
1%
b11111 )
#245249019000
0!
0%
#245290685500
1!
1%
b100000 )
#245332352000
0!
0%
#245374018500
1!
1%
b100001 )
#245415685000
0!
0%
#245457351500
1!
1%
b100010 )
#245499018000
0!
0%
#245540684500
1!
1%
b100011 )
#245582351000
0!
0%
#245624017500
1!
1%
b100100 )
#245665684000
0!
0%
#245707350500
1!
1%
b100101 )
#245749017000
0!
0%
#245790683500
1!
1%
b100110 )
#245832350000
0!
0%
#245874016500
1!
1%
b100111 )
#245915683000
0!
0%
#245957349500
1!
1%
b101000 )
#245999016000
0!
0%
#246040682500
1!
1%
b101001 )
#246082349000
0!
0%
#246124015500
1!
1%
b101010 )
#246165682000
0!
0%
#246207348500
1!
1%
b101011 )
#246249015000
0!
0%
#246290681500
1!
1%
b101100 )
#246332348000
0!
0%
#246374014500
1!
1%
b101101 )
#246415681000
0!
0%
#246457347500
1!
1%
b101110 )
#246499014000
0!
0%
#246540680500
1!
1%
b101111 )
#246582347000
0!
0%
#246624013500
1!
1%
b110000 )
#246665680000
0!
0%
#246707346500
1!
1%
b110001 )
#246749013000
0!
0%
#246790679500
1!
1%
b110010 )
#246832346000
0!
0%
#246874012500
1!
1%
b110011 )
#246915679000
0!
0%
#246957345500
1!
1%
b110100 )
#246999012000
0!
0%
#247040678500
1!
1%
b110101 )
#247082345000
0!
0%
#247124011500
1!
1%
b110110 )
#247165678000
0!
0%
#247207344500
1!
1%
b110111 )
#247249011000
0!
0%
#247290677500
1!
1%
b111000 )
#247332344000
0!
0%
#247374010500
1!
1%
b111001 )
#247415677000
0!
0%
#247457343500
1!
1%
b111010 )
#247499010000
0!
0%
#247540676500
1!
1%
b111011 )
#247582343000
0!
0%
#247624009500
1!
1%
b111100 )
#247665676000
0!
0%
#247707342500
1!
1%
b111101 )
#247749009000
0!
0%
#247790675500
1!
1%
b111110 )
#247832342000
0!
0%
#247874008500
1!
1%
b111111 )
#247915675000
0!
0%
#247957341500
1!
1%
b1000000 )
#247999008000
0!
0%
#248040674500
1!
1%
b1000001 )
#248082341000
0!
0%
#248124007500
1!
1%
b1000010 )
#248165674000
0!
0%
#248207340500
1!
1%
b1000011 )
#248249007000
0!
0%
#248290673500
1!
1%
b1000100 )
#248332340000
0!
0%
#248374006500
1!
1%
b1000101 )
#248415673000
0!
0%
#248457339500
1!
1%
b1000110 )
#248499006000
0!
0%
#248540672500
1!
1%
b1000111 )
#248582339000
0!
0%
#248624005500
1!
1%
b1001000 )
#248665672000
0!
0%
#248707338500
1!
1%
b1001001 )
#248749005000
0!
0%
#248790671500
1!
1%
b1001010 )
#248832338000
0!
0%
#248874004500
1!
1%
b1001011 )
#248915671000
0!
0%
#248957337500
1!
0$
1%
0(
b1001100 )
#248999004000
0!
0%
#249040670500
1!
1%
b1001101 )
#249082337000
0!
0%
#249124003500
1!
1%
b1001110 )
#249165670000
0!
0%
#249207336500
1!
1%
b1001111 )
#249249003000
0!
0%
#249290669500
1!
1%
b1010000 )
#249332336000
0!
0%
#249374002500
1!
1%
b1010001 )
#249415669000
0!
0%
#249457335500
1!
1%
b1010010 )
#249499002000
0!
0%
#249540668500
1!
1%
b1010011 )
#249582335000
0!
0%
#249624001500
1!
1%
b1010100 )
#249665668000
0!
0%
#249707334500
1!
1%
b1010101 )
#249749001000
0!
0%
#249790667500
1!
1%
b1010110 )
#249832334000
0!
0%
#249874000500
1!
1%
b1010111 )
#249915667000
0!
0%
#249957333500
1!
1%
b1011000 )
#249999000000
0!
0%
#250040666500
1!
1%
b1011001 )
#250082333000
0!
0%
#250123999500
1!
1%
b1011010 )
#250165666000
0!
0%
#250207332500
1!
1%
b1011011 )
#250248999000
0!
0%
#250290665500
1!
1%
b1011100 )
#250332332000
0!
0%
#250373998500
1!
1%
b1011101 )
#250415665000
0!
0%
#250457331500
1!
1%
b1011110 )
#250498998000
0!
0%
#250540664500
1!
1%
b1011111 )
#250582331000
0!
0%
#250623997500
1!
1%
b1100000 )
#250665664000
0!
0%
#250707330500
1!
1%
b1100001 )
#250748997000
0!
0%
#250790663500
1!
1%
b1100010 )
#250832330000
0!
0%
#250873996500
1!
1%
b1100011 )
#250915663000
0!
0%
#250957329500
1!
1%
b0 )
#250998996000
0!
0%
#251040662500
1!
1$
1%
1(
b1 )
#251082329000
0!
0%
#251123995500
1!
1%
b10 )
#251165662000
0!
0%
#251207328500
1!
1%
b11 )
#251248995000
0!
0%
#251290661500
1!
1%
b100 )
#251332328000
0!
0%
#251373994500
1!
1%
b101 )
#251415661000
0!
0%
#251457327500
1!
1%
b110 )
#251498994000
0!
0%
#251540660500
1!
1%
b111 )
#251582327000
0!
0%
#251623993500
1!
1%
b1000 )
#251665660000
0!
0%
#251707326500
1!
1%
b1001 )
#251748993000
0!
0%
#251790659500
1!
1%
b1010 )
#251832326000
0!
0%
#251873992500
1!
1%
b1011 )
#251915659000
0!
0%
#251957325500
1!
1%
b1100 )
#251998992000
0!
0%
#252040658500
1!
1%
b1101 )
#252082325000
0!
0%
#252123991500
1!
1%
b1110 )
#252165658000
0!
0%
#252207324500
1!
1%
b1111 )
#252248991000
0!
0%
#252290657500
1!
1%
b10000 )
#252332324000
0!
0%
#252373990500
1!
1%
b10001 )
#252415657000
0!
0%
#252457323500
1!
1%
b10010 )
#252498990000
0!
0%
#252540656500
1!
1%
b10011 )
#252582323000
0!
0%
#252623989500
1!
1%
b10100 )
#252665656000
0!
0%
#252707322500
1!
1%
b10101 )
#252748989000
0!
0%
#252790655500
1!
1%
b10110 )
#252832322000
0!
0%
#252873988500
1!
1%
b10111 )
#252915655000
0!
0%
#252957321500
1!
1%
b11000 )
#252998988000
0!
0%
#253040654500
1!
1%
b11001 )
#253082321000
0!
0%
#253123987500
1!
1%
b11010 )
#253165654000
0!
0%
#253207320500
1!
1%
b11011 )
#253248987000
0!
0%
#253290653500
1!
1%
b11100 )
#253332320000
0!
0%
#253373986500
1!
1%
b11101 )
#253415653000
0!
0%
#253457319500
1!
1%
b11110 )
#253498986000
0!
0%
#253540652500
1!
1%
b11111 )
#253582319000
0!
0%
#253623985500
1!
1%
b100000 )
#253665652000
0!
0%
#253707318500
1!
1%
b100001 )
#253748985000
0!
0%
#253790651500
1!
1%
b100010 )
#253832318000
0!
0%
#253873984500
1!
1%
b100011 )
#253915651000
0!
0%
#253957317500
1!
1%
b100100 )
#253998984000
0!
0%
#254040650500
1!
1%
b100101 )
#254082317000
0!
0%
#254123983500
1!
1%
b100110 )
#254165650000
0!
0%
#254207316500
1!
1%
b100111 )
#254248983000
0!
0%
#254290649500
1!
1%
b101000 )
#254332316000
0!
0%
#254373982500
1!
1%
b101001 )
#254415649000
0!
0%
#254457315500
1!
1%
b101010 )
#254498982000
0!
0%
#254540648500
1!
1%
b101011 )
#254582315000
0!
0%
#254623981500
1!
1%
b101100 )
#254665648000
0!
0%
#254707314500
1!
1%
b101101 )
#254748981000
0!
0%
#254790647500
1!
1%
b101110 )
#254832314000
0!
0%
#254873980500
1!
1%
b101111 )
#254915647000
0!
0%
#254957313500
1!
1%
b110000 )
#254998980000
0!
0%
#255040646500
1!
1%
b110001 )
#255082313000
0!
0%
#255123979500
1!
1%
b110010 )
#255165646000
0!
0%
#255207312500
1!
1%
b110011 )
#255248979000
0!
0%
#255290645500
1!
1%
b110100 )
#255332312000
0!
0%
#255373978500
1!
1%
b110101 )
#255415645000
0!
0%
#255457311500
1!
1%
b110110 )
#255498978000
0!
0%
#255540644500
1!
1%
b110111 )
#255582311000
0!
0%
#255623977500
1!
1%
b111000 )
#255665644000
0!
0%
#255707310500
1!
1%
b111001 )
#255748977000
0!
0%
#255790643500
1!
1%
b111010 )
#255832310000
0!
0%
#255873976500
1!
1%
b111011 )
#255915643000
0!
0%
#255957309500
1!
1%
b111100 )
#255998976000
0!
0%
#256040642500
1!
1%
b111101 )
#256082309000
0!
0%
#256123975500
1!
1%
b111110 )
#256165642000
0!
0%
#256207308500
1!
1%
b111111 )
#256248975000
0!
0%
#256290641500
1!
1%
b1000000 )
#256332308000
0!
0%
#256373974500
1!
1%
b1000001 )
#256415641000
0!
0%
#256457307500
1!
1%
b1000010 )
#256498974000
0!
0%
#256540640500
1!
1%
b1000011 )
#256582307000
0!
0%
#256623973500
1!
1%
b1000100 )
#256665640000
0!
0%
#256707306500
1!
1%
b1000101 )
#256748973000
0!
0%
#256790639500
1!
1%
b1000110 )
#256832306000
0!
0%
#256873972500
1!
1%
b1000111 )
#256915639000
0!
0%
#256957305500
1!
1%
b1001000 )
#256998972000
0!
0%
#257040638500
1!
1%
b1001001 )
#257082305000
0!
0%
#257123971500
1!
1%
b1001010 )
#257165638000
0!
0%
#257207304500
1!
1%
b1001011 )
#257248971000
0!
0%
#257290637500
1!
0$
1%
0(
b1001100 )
#257332304000
0!
0%
#257373970500
1!
1%
b1001101 )
#257415637000
0!
0%
#257457303500
1!
1%
b1001110 )
#257498970000
0!
0%
#257540636500
1!
1%
b1001111 )
#257582303000
0!
0%
#257623969500
1!
1%
b1010000 )
#257665636000
0!
0%
#257707302500
1!
1%
b1010001 )
#257748969000
0!
0%
#257790635500
1!
1%
b1010010 )
#257832302000
0!
0%
#257873968500
1!
1%
b1010011 )
#257915635000
0!
0%
#257957301500
1!
1%
b1010100 )
#257998968000
0!
0%
#258040634500
1!
1%
b1010101 )
#258082301000
0!
0%
#258123967500
1!
1%
b1010110 )
#258165634000
0!
0%
#258207300500
1!
1%
b1010111 )
#258248967000
0!
0%
#258290633500
1!
1%
b1011000 )
#258332300000
0!
0%
#258373966500
1!
1%
b1011001 )
#258415633000
0!
0%
#258457299500
1!
1%
b1011010 )
#258498966000
0!
0%
#258540632500
1!
1%
b1011011 )
#258582299000
0!
0%
#258623965500
1!
1%
b1011100 )
#258665632000
0!
0%
#258707298500
1!
1%
b1011101 )
#258748965000
0!
0%
#258790631500
1!
1%
b1011110 )
#258832298000
0!
0%
#258873964500
1!
1%
b1011111 )
#258915631000
0!
0%
#258957297500
1!
1%
b1100000 )
#258998964000
0!
0%
#259040630500
1!
1%
b1100001 )
#259082297000
0!
0%
#259123963500
1!
1%
b1100010 )
#259165630000
0!
0%
#259207296500
1!
1%
b1100011 )
#259248963000
0!
0%
#259290629500
1!
1%
b0 )
#259332296000
0!
0%
#259373962500
1!
1$
1%
1(
b1 )
#259415629000
0!
0%
#259457295500
1!
1%
b10 )
#259498962000
0!
0%
#259540628500
1!
1%
b11 )
#259582295000
0!
0%
#259623961500
1!
1%
b100 )
#259665628000
0!
0%
#259707294500
1!
1%
b101 )
#259748961000
0!
0%
#259790627500
1!
1%
b110 )
#259832294000
0!
0%
#259873960500
1!
1%
b111 )
#259915627000
0!
0%
#259957293500
1!
1%
b1000 )
#259998960000
0!
0%
#260040626500
1!
1%
b1001 )
#260082293000
0!
0%
#260123959500
1!
1%
b1010 )
#260165626000
0!
0%
#260207292500
1!
1%
b1011 )
#260248959000
0!
0%
#260290625500
1!
1%
b1100 )
#260332292000
0!
0%
#260373958500
1!
1%
b1101 )
#260415625000
0!
0%
#260457291500
1!
1%
b1110 )
#260498958000
0!
0%
#260540624500
1!
1%
b1111 )
#260582291000
0!
0%
#260623957500
1!
1%
b10000 )
#260665624000
0!
0%
#260707290500
1!
1%
b10001 )
#260748957000
0!
0%
#260790623500
1!
1%
b10010 )
#260832290000
0!
0%
#260873956500
1!
1%
b10011 )
#260915623000
0!
0%
#260957289500
1!
1%
b10100 )
#260998956000
0!
0%
#261040622500
1!
1%
b10101 )
#261082289000
0!
0%
#261123955500
1!
1%
b10110 )
#261165622000
0!
0%
#261207288500
1!
1%
b10111 )
#261248955000
0!
0%
#261290621500
1!
1%
b11000 )
#261332288000
0!
0%
#261373954500
1!
1%
b11001 )
#261415621000
0!
0%
#261457287500
1!
1%
b11010 )
#261498954000
0!
0%
#261540620500
1!
1%
b11011 )
#261582287000
0!
0%
#261623953500
1!
1%
b11100 )
#261665620000
0!
0%
#261707286500
1!
1%
b11101 )
#261748953000
0!
0%
#261790619500
1!
1%
b11110 )
#261832286000
0!
0%
#261873952500
1!
1%
b11111 )
#261915619000
0!
0%
#261957285500
1!
1%
b100000 )
#261998952000
0!
0%
#262040618500
1!
1%
b100001 )
#262082285000
0!
0%
#262123951500
1!
1%
b100010 )
#262165618000
0!
0%
#262207284500
1!
1%
b100011 )
#262248951000
0!
0%
#262290617500
1!
1%
b100100 )
#262332284000
0!
0%
#262373950500
1!
1%
b100101 )
#262415617000
0!
0%
#262457283500
1!
1%
b100110 )
#262498950000
0!
0%
#262540616500
1!
1%
b100111 )
#262582283000
0!
0%
#262623949500
1!
1%
b101000 )
#262665616000
0!
0%
#262707282500
1!
1%
b101001 )
#262748949000
0!
0%
#262790615500
1!
1%
b101010 )
#262832282000
0!
0%
#262873948500
1!
1%
b101011 )
#262915615000
0!
0%
#262957281500
1!
1%
b101100 )
#262998948000
0!
0%
#263040614500
1!
1%
b101101 )
#263082281000
0!
0%
#263123947500
1!
1%
b101110 )
#263165614000
0!
0%
#263207280500
1!
1%
b101111 )
#263248947000
0!
0%
#263290613500
1!
1%
b110000 )
#263332280000
0!
0%
#263373946500
1!
1%
b110001 )
#263415613000
0!
0%
#263457279500
1!
1%
b110010 )
#263498946000
0!
0%
#263540612500
1!
1%
b110011 )
#263582279000
0!
0%
#263623945500
1!
1%
b110100 )
#263665612000
0!
0%
#263707278500
1!
1%
b110101 )
#263748945000
0!
0%
#263790611500
1!
1%
b110110 )
#263832278000
0!
0%
#263873944500
1!
1%
b110111 )
#263915611000
0!
0%
#263957277500
1!
1%
b111000 )
#263998944000
0!
0%
#264040610500
1!
1%
b111001 )
#264082277000
0!
0%
#264123943500
1!
1%
b111010 )
#264165610000
0!
0%
#264207276500
1!
1%
b111011 )
#264248943000
0!
0%
#264290609500
1!
1%
b111100 )
#264332276000
0!
0%
#264373942500
1!
1%
b111101 )
#264415609000
0!
0%
#264457275500
1!
1%
b111110 )
#264498942000
0!
0%
#264540608500
1!
1%
b111111 )
#264582275000
0!
0%
#264623941500
1!
1%
b1000000 )
#264665608000
0!
0%
#264707274500
1!
1%
b1000001 )
#264748941000
0!
0%
#264790607500
1!
1%
b1000010 )
#264832274000
0!
0%
#264873940500
1!
1%
b1000011 )
#264915607000
0!
0%
#264957273500
1!
1%
b1000100 )
#264998940000
0!
0%
#265040606500
1!
1%
b1000101 )
#265082273000
0!
0%
#265123939500
1!
1%
b1000110 )
#265165606000
0!
0%
#265207272500
1!
1%
b1000111 )
#265248939000
0!
0%
#265290605500
1!
1%
b1001000 )
#265332272000
0!
0%
#265373938500
1!
1%
b1001001 )
#265415605000
0!
0%
#265457271500
1!
1%
b1001010 )
#265498938000
0!
0%
#265540604500
1!
1%
b1001011 )
#265582271000
0!
0%
#265623937500
1!
0$
1%
0(
b1001100 )
#265665604000
0!
0%
#265707270500
1!
1%
b1001101 )
#265748937000
0!
0%
#265790603500
1!
1%
b1001110 )
#265832270000
0!
0%
#265873936500
1!
1%
b1001111 )
#265915603000
0!
0%
#265957269500
1!
1%
b1010000 )
#265998936000
0!
0%
#266040602500
1!
1%
b1010001 )
#266082269000
0!
0%
#266123935500
1!
1%
b1010010 )
#266165602000
0!
0%
#266207268500
1!
1%
b1010011 )
#266248935000
0!
0%
#266290601500
1!
1%
b1010100 )
#266332268000
0!
0%
#266373934500
1!
1%
b1010101 )
#266415601000
0!
0%
#266457267500
1!
1%
b1010110 )
#266498934000
0!
0%
#266540600500
1!
1%
b1010111 )
#266582267000
0!
0%
#266623933500
1!
1%
b1011000 )
#266665600000
0!
0%
#266707266500
1!
1%
b1011001 )
#266748933000
0!
0%
#266790599500
1!
1%
b1011010 )
#266832266000
0!
0%
#266873932500
1!
1%
b1011011 )
#266915599000
0!
0%
#266957265500
1!
1%
b1011100 )
#266998932000
0!
0%
#267040598500
1!
1%
b1011101 )
#267082265000
0!
0%
#267123931500
1!
1%
b1011110 )
#267165598000
0!
0%
#267207264500
1!
1%
b1011111 )
#267248931000
0!
0%
#267290597500
1!
1%
b1100000 )
#267332264000
0!
0%
#267373930500
1!
1%
b1100001 )
#267415597000
0!
0%
#267457263500
1!
1%
b1100010 )
#267498930000
0!
0%
#267540596500
1!
1%
b1100011 )
#267582263000
0!
0%
#267623929500
1!
1%
b0 )
#267665596000
0!
0%
#267707262500
1!
1$
1%
1(
b1 )
#267748929000
0!
0%
#267790595500
1!
1%
b10 )
#267832262000
0!
0%
#267873928500
1!
1%
b11 )
#267915595000
0!
0%
#267957261500
1!
1%
b100 )
#267998928000
0!
0%
#268040594500
1!
1%
b101 )
#268082261000
0!
0%
#268123927500
1!
1%
b110 )
#268165594000
0!
0%
#268207260500
1!
1%
b111 )
#268248927000
0!
0%
#268290593500
1!
1%
b1000 )
#268332260000
0!
0%
#268373926500
1!
1%
b1001 )
#268415593000
0!
0%
#268457259500
1!
1%
b1010 )
#268498926000
0!
0%
#268540592500
1!
1%
b1011 )
#268582259000
0!
0%
#268623925500
1!
1%
b1100 )
#268665592000
0!
0%
#268707258500
1!
1%
b1101 )
#268748925000
0!
0%
#268790591500
1!
1%
b1110 )
#268832258000
0!
0%
#268873924500
1!
1%
b1111 )
#268915591000
0!
0%
#268957257500
1!
1%
b10000 )
#268998924000
0!
0%
#269040590500
1!
1%
b10001 )
#269082257000
0!
0%
#269123923500
1!
1%
b10010 )
#269165590000
0!
0%
#269207256500
1!
1%
b10011 )
#269248923000
0!
0%
#269290589500
1!
1%
b10100 )
#269332256000
0!
0%
#269373922500
1!
1%
b10101 )
#269415589000
0!
0%
#269457255500
1!
1%
b10110 )
#269498922000
0!
0%
#269540588500
1!
1%
b10111 )
#269582255000
0!
0%
#269623921500
1!
1%
b11000 )
#269665588000
0!
0%
#269707254500
1!
1%
b11001 )
#269748921000
0!
0%
#269790587500
1!
1%
b11010 )
#269832254000
0!
0%
#269873920500
1!
1%
b11011 )
#269915587000
0!
0%
#269957253500
1!
1%
b11100 )
#269998920000
0!
0%
#270040586500
1!
1%
b11101 )
#270082253000
0!
0%
#270123919500
1!
1%
b11110 )
#270165586000
0!
0%
#270207252500
1!
1%
b11111 )
#270248919000
0!
0%
#270290585500
1!
1%
b100000 )
#270332252000
0!
0%
#270373918500
1!
1%
b100001 )
#270415585000
0!
0%
#270457251500
1!
1%
b100010 )
#270498918000
0!
0%
#270540584500
1!
1%
b100011 )
#270582251000
0!
0%
#270623917500
1!
1%
b100100 )
#270665584000
0!
0%
#270707250500
1!
1%
b100101 )
#270748917000
0!
0%
#270790583500
1!
1%
b100110 )
#270832250000
0!
0%
#270873916500
1!
1%
b100111 )
#270915583000
0!
0%
#270957249500
1!
1%
b101000 )
#270998916000
0!
0%
#271040582500
1!
1%
b101001 )
#271082249000
0!
0%
#271123915500
1!
1%
b101010 )
#271165582000
0!
0%
#271207248500
1!
1%
b101011 )
#271248915000
0!
0%
#271290581500
1!
1%
b101100 )
#271332248000
0!
0%
#271373914500
1!
1%
b101101 )
#271415581000
0!
0%
#271457247500
1!
1%
b101110 )
#271498914000
0!
0%
#271540580500
1!
1%
b101111 )
#271582247000
0!
0%
#271623913500
1!
1%
b110000 )
#271665580000
0!
0%
#271707246500
1!
1%
b110001 )
#271748913000
0!
0%
#271790579500
1!
1%
b110010 )
#271832246000
0!
0%
#271873912500
1!
1%
b110011 )
#271915579000
0!
0%
#271957245500
1!
1%
b110100 )
#271998912000
0!
0%
#272040578500
1!
1%
b110101 )
#272082245000
0!
0%
#272123911500
1!
1%
b110110 )
#272165578000
0!
0%
#272207244500
1!
1%
b110111 )
#272248911000
0!
0%
#272290577500
1!
1%
b111000 )
#272332244000
0!
0%
#272373910500
1!
1%
b111001 )
#272415577000
0!
0%
#272457243500
1!
1%
b111010 )
#272498910000
0!
0%
#272540576500
1!
1%
b111011 )
#272582243000
0!
0%
#272623909500
1!
1%
b111100 )
#272665576000
0!
0%
#272707242500
1!
1%
b111101 )
#272748909000
0!
0%
#272790575500
1!
1%
b111110 )
#272832242000
0!
0%
#272873908500
1!
1%
b111111 )
#272915575000
0!
0%
#272957241500
1!
1%
b1000000 )
#272998908000
0!
0%
#273040574500
1!
1%
b1000001 )
#273082241000
0!
0%
#273123907500
1!
1%
b1000010 )
#273165574000
0!
0%
#273207240500
1!
1%
b1000011 )
#273248907000
0!
0%
#273290573500
1!
1%
b1000100 )
#273332240000
0!
0%
#273373906500
1!
1%
b1000101 )
#273415573000
0!
0%
#273457239500
1!
1%
b1000110 )
#273498906000
0!
0%
#273540572500
1!
1%
b1000111 )
#273582239000
0!
0%
#273623905500
1!
1%
b1001000 )
#273665572000
0!
0%
#273707238500
1!
1%
b1001001 )
#273748905000
0!
0%
#273790571500
1!
1%
b1001010 )
#273832238000
0!
0%
#273873904500
1!
1%
b1001011 )
#273915571000
0!
0%
#273957237500
1!
0$
1%
0(
b1001100 )
#273998904000
0!
0%
#274040570500
1!
1%
b1001101 )
#274082237000
0!
0%
#274123903500
1!
1%
b1001110 )
#274165570000
0!
0%
#274207236500
1!
1%
b1001111 )
#274248903000
0!
0%
#274290569500
1!
1%
b1010000 )
#274332236000
0!
0%
#274373902500
1!
1%
b1010001 )
#274415569000
0!
0%
#274457235500
1!
1%
b1010010 )
#274498902000
0!
0%
#274540568500
1!
1%
b1010011 )
#274582235000
0!
0%
#274623901500
1!
1%
b1010100 )
#274665568000
0!
0%
#274707234500
1!
1%
b1010101 )
#274748901000
0!
0%
#274790567500
1!
1%
b1010110 )
#274832234000
0!
0%
#274873900500
1!
1%
b1010111 )
#274915567000
0!
0%
#274957233500
1!
1%
b1011000 )
#274998900000
0!
0%
#275040566500
1!
1%
b1011001 )
#275082233000
0!
0%
#275123899500
1!
1%
b1011010 )
#275165566000
0!
0%
#275207232500
1!
1%
b1011011 )
#275248899000
0!
0%
#275290565500
1!
1%
b1011100 )
#275332232000
0!
0%
#275373898500
1!
1%
b1011101 )
#275415565000
0!
0%
#275457231500
1!
1%
b1011110 )
#275498898000
0!
0%
#275540564500
1!
1%
b1011111 )
#275582231000
0!
0%
#275623897500
1!
1%
b1100000 )
#275665564000
0!
0%
#275707230500
1!
1%
b1100001 )
#275748897000
0!
0%
#275790563500
1!
1%
b1100010 )
#275832230000
0!
0%
#275873896500
1!
1%
b1100011 )
#275915563000
0!
0%
#275957229500
1!
1%
b0 )
#275998896000
0!
0%
#276040562500
1!
1$
1%
1(
b1 )
#276082229000
0!
0%
#276123895500
1!
1%
b10 )
#276165562000
0!
0%
#276207228500
1!
1%
b11 )
#276248895000
0!
0%
#276290561500
1!
1%
b100 )
#276332228000
0!
0%
#276373894500
1!
1%
b101 )
#276415561000
0!
0%
#276457227500
1!
1%
b110 )
#276498894000
0!
0%
#276540560500
1!
1%
b111 )
#276582227000
0!
0%
#276623893500
1!
1%
b1000 )
#276665560000
0!
0%
#276707226500
1!
1%
b1001 )
#276748893000
0!
0%
#276790559500
1!
1%
b1010 )
#276832226000
0!
0%
#276873892500
1!
1%
b1011 )
#276915559000
0!
0%
#276957225500
1!
1%
b1100 )
#276998892000
0!
0%
#277040558500
1!
1%
b1101 )
#277082225000
0!
0%
#277123891500
1!
1%
b1110 )
#277165558000
0!
0%
#277207224500
1!
1%
b1111 )
#277248891000
0!
0%
#277290557500
1!
1%
b10000 )
#277332224000
0!
0%
#277373890500
1!
1%
b10001 )
#277415557000
0!
0%
#277457223500
1!
1%
b10010 )
#277498890000
0!
0%
#277540556500
1!
1%
b10011 )
#277582223000
0!
0%
#277623889500
1!
1%
b10100 )
#277665556000
0!
0%
#277707222500
1!
1%
b10101 )
#277748889000
0!
0%
#277790555500
1!
1%
b10110 )
#277832222000
0!
0%
#277873888500
1!
1%
b10111 )
#277915555000
0!
0%
#277957221500
1!
1%
b11000 )
#277998888000
0!
0%
#278040554500
1!
1%
b11001 )
#278082221000
0!
0%
#278123887500
1!
1%
b11010 )
#278165554000
0!
0%
#278207220500
1!
1%
b11011 )
#278248887000
0!
0%
#278290553500
1!
1%
b11100 )
#278332220000
0!
0%
#278373886500
1!
1%
b11101 )
#278415553000
0!
0%
#278457219500
1!
1%
b11110 )
#278498886000
0!
0%
#278540552500
1!
1%
b11111 )
#278582219000
0!
0%
#278623885500
1!
1%
b100000 )
#278665552000
0!
0%
#278707218500
1!
1%
b100001 )
#278748885000
0!
0%
#278790551500
1!
1%
b100010 )
#278832218000
0!
0%
#278873884500
1!
1%
b100011 )
#278915551000
0!
0%
#278957217500
1!
1%
b100100 )
#278998884000
0!
0%
#279040550500
1!
1%
b100101 )
#279082217000
0!
0%
#279123883500
1!
1%
b100110 )
#279165550000
0!
0%
#279207216500
1!
1%
b100111 )
#279248883000
0!
0%
#279290549500
1!
1%
b101000 )
#279332216000
0!
0%
#279373882500
1!
1%
b101001 )
#279415549000
0!
0%
#279457215500
1!
1%
b101010 )
#279498882000
0!
0%
#279540548500
1!
1%
b101011 )
#279582215000
0!
0%
#279623881500
1!
1%
b101100 )
#279665548000
0!
0%
#279707214500
1!
1%
b101101 )
#279748881000
0!
0%
#279790547500
1!
1%
b101110 )
#279832214000
0!
0%
#279873880500
1!
1%
b101111 )
#279915547000
0!
0%
#279957213500
1!
1%
b110000 )
#279998880000
0!
0%
#280040546500
1!
1%
b110001 )
#280082213000
0!
0%
#280123879500
1!
1%
b110010 )
#280165546000
0!
0%
#280207212500
1!
1%
b110011 )
#280248879000
0!
0%
#280290545500
1!
1%
b110100 )
#280332212000
0!
0%
#280373878500
1!
1%
b110101 )
#280415545000
0!
0%
#280457211500
1!
1%
b110110 )
#280498878000
0!
0%
#280540544500
1!
1%
b110111 )
#280582211000
0!
0%
#280623877500
1!
1%
b111000 )
#280665544000
0!
0%
#280707210500
1!
1%
b111001 )
#280748877000
0!
0%
#280790543500
1!
1%
b111010 )
#280832210000
0!
0%
#280873876500
1!
1%
b111011 )
#280915543000
0!
0%
#280957209500
1!
1%
b111100 )
#280998876000
0!
0%
#281040542500
1!
1%
b111101 )
#281082209000
0!
0%
#281123875500
1!
1%
b111110 )
#281165542000
0!
0%
#281207208500
1!
1%
b111111 )
#281248875000
0!
0%
#281290541500
1!
1%
b1000000 )
#281332208000
0!
0%
#281373874500
1!
1%
b1000001 )
#281415541000
0!
0%
#281457207500
1!
1%
b1000010 )
#281498874000
0!
0%
#281540540500
1!
1%
b1000011 )
#281582207000
0!
0%
#281623873500
1!
1%
b1000100 )
#281665540000
0!
0%
#281707206500
1!
1%
b1000101 )
#281748873000
0!
0%
#281790539500
1!
1%
b1000110 )
#281832206000
0!
0%
#281873872500
1!
1%
b1000111 )
#281915539000
0!
0%
#281957205500
1!
1%
b1001000 )
#281998872000
0!
0%
#282040538500
1!
1%
b1001001 )
#282082205000
0!
0%
#282123871500
1!
1%
b1001010 )
#282165538000
0!
0%
#282207204500
1!
1%
b1001011 )
#282248871000
0!
0%
#282290537500
1!
0$
1%
0(
b1001100 )
#282332204000
0!
0%
#282373870500
1!
1%
b1001101 )
#282415537000
0!
0%
#282457203500
1!
1%
b1001110 )
#282498870000
0!
0%
#282540536500
1!
1%
b1001111 )
#282582203000
0!
0%
#282623869500
1!
1%
b1010000 )
#282665536000
0!
0%
#282707202500
1!
1%
b1010001 )
#282748869000
0!
0%
#282790535500
1!
1%
b1010010 )
#282832202000
0!
0%
#282873868500
1!
1%
b1010011 )
#282915535000
0!
0%
#282957201500
1!
1%
b1010100 )
#282998868000
0!
0%
#283040534500
1!
1%
b1010101 )
#283082201000
0!
0%
#283123867500
1!
1%
b1010110 )
#283165534000
0!
0%
#283207200500
1!
1%
b1010111 )
#283248867000
0!
0%
#283290533500
1!
1%
b1011000 )
#283332200000
0!
0%
#283373866500
1!
1%
b1011001 )
#283415533000
0!
0%
#283457199500
1!
1%
b1011010 )
#283498866000
0!
0%
#283540532500
1!
1%
b1011011 )
#283582199000
0!
0%
#283623865500
1!
1%
b1011100 )
#283665532000
0!
0%
#283707198500
1!
1%
b1011101 )
#283748865000
0!
0%
#283790531500
1!
1%
b1011110 )
#283832198000
0!
0%
#283873864500
1!
1%
b1011111 )
#283915531000
0!
0%
#283957197500
1!
1%
b1100000 )
#283998864000
0!
0%
#284040530500
1!
1%
b1100001 )
#284082197000
0!
0%
#284123863500
1!
1%
b1100010 )
#284165530000
0!
0%
#284207196500
1!
1%
b1100011 )
#284248863000
0!
0%
#284290529500
1!
1%
b0 )
#284332196000
0!
0%
#284373862500
1!
1$
1%
1(
b1 )
#284415529000
0!
0%
#284457195500
1!
1%
b10 )
#284498862000
0!
0%
#284540528500
1!
1%
b11 )
#284582195000
0!
0%
#284623861500
1!
1%
b100 )
#284665528000
0!
0%
#284707194500
1!
1%
b101 )
#284748861000
0!
0%
#284790527500
1!
1%
b110 )
#284832194000
0!
0%
#284873860500
1!
1%
b111 )
#284915527000
0!
0%
#284957193500
1!
1%
b1000 )
#284998860000
0!
0%
#285040526500
1!
1%
b1001 )
#285082193000
0!
0%
#285123859500
1!
1%
b1010 )
#285165526000
0!
0%
#285207192500
1!
1%
b1011 )
#285248859000
0!
0%
#285290525500
1!
1%
b1100 )
#285332192000
0!
0%
#285373858500
1!
1%
b1101 )
#285415525000
0!
0%
#285457191500
1!
1%
b1110 )
#285498858000
0!
0%
#285540524500
1!
1%
b1111 )
#285582191000
0!
0%
#285623857500
1!
1%
b10000 )
#285665524000
0!
0%
#285707190500
1!
1%
b10001 )
#285748857000
0!
0%
#285790523500
1!
1%
b10010 )
#285832190000
0!
0%
#285873856500
1!
1%
b10011 )
#285915523000
0!
0%
#285957189500
1!
1%
b10100 )
#285998856000
0!
0%
#286040522500
1!
1%
b10101 )
#286082189000
0!
0%
#286123855500
1!
1%
b10110 )
#286165522000
0!
0%
#286207188500
1!
1%
b10111 )
#286248855000
0!
0%
#286290521500
1!
1%
b11000 )
#286332188000
0!
0%
#286373854500
1!
1%
b11001 )
#286415521000
0!
0%
#286457187500
1!
1%
b11010 )
#286498854000
0!
0%
#286540520500
1!
1%
b11011 )
#286582187000
0!
0%
#286623853500
1!
1%
b11100 )
#286665520000
0!
0%
#286707186500
1!
1%
b11101 )
#286748853000
0!
0%
#286790519500
1!
1%
b11110 )
#286832186000
0!
0%
#286873852500
1!
1%
b11111 )
#286915519000
0!
0%
#286957185500
1!
1%
b100000 )
#286998852000
0!
0%
#287040518500
1!
1%
b100001 )
#287082185000
0!
0%
#287123851500
1!
1%
b100010 )
#287165518000
0!
0%
#287207184500
1!
1%
b100011 )
#287248851000
0!
0%
#287290517500
1!
1%
b100100 )
#287332184000
0!
0%
#287373850500
1!
1%
b100101 )
#287415517000
0!
0%
#287457183500
1!
1%
b100110 )
#287498850000
0!
0%
#287540516500
1!
1%
b100111 )
#287582183000
0!
0%
#287623849500
1!
1%
b101000 )
#287665516000
0!
0%
#287707182500
1!
1%
b101001 )
#287748849000
0!
0%
#287790515500
1!
1%
b101010 )
#287832182000
0!
0%
#287873848500
1!
1%
b101011 )
#287915515000
0!
0%
#287957181500
1!
1%
b101100 )
#287998848000
0!
0%
#288040514500
1!
1%
b101101 )
#288082181000
0!
0%
#288123847500
1!
1%
b101110 )
#288165514000
0!
0%
#288207180500
1!
1%
b101111 )
#288248847000
0!
0%
#288290513500
1!
1%
b110000 )
#288332180000
0!
0%
#288373846500
1!
1%
b110001 )
#288415513000
0!
0%
#288457179500
1!
1%
b110010 )
#288498846000
0!
0%
#288540512500
1!
1%
b110011 )
#288582179000
0!
0%
#288623845500
1!
1%
b110100 )
#288665512000
0!
0%
#288707178500
1!
1%
b110101 )
#288748845000
0!
0%
#288790511500
1!
1%
b110110 )
#288832178000
0!
0%
#288873844500
1!
1%
b110111 )
#288915511000
0!
0%
#288957177500
1!
1%
b111000 )
#288998844000
0!
0%
#289040510500
1!
1%
b111001 )
#289082177000
0!
0%
#289123843500
1!
1%
b111010 )
#289165510000
0!
0%
#289207176500
1!
1%
b111011 )
#289248843000
0!
0%
#289290509500
1!
1%
b111100 )
#289332176000
0!
0%
#289373842500
1!
1%
b111101 )
#289415509000
0!
0%
#289457175500
1!
1%
b111110 )
#289498842000
0!
0%
#289540508500
1!
1%
b111111 )
#289582175000
0!
0%
#289623841500
1!
1%
b1000000 )
#289665508000
0!
0%
#289707174500
1!
1%
b1000001 )
#289748841000
0!
0%
#289790507500
1!
1%
b1000010 )
#289832174000
0!
0%
#289873840500
1!
1%
b1000011 )
#289915507000
0!
0%
#289957173500
1!
1%
b1000100 )
#289998840000
0!
0%
#290040506500
1!
1%
b1000101 )
#290082173000
0!
0%
#290123839500
1!
1%
b1000110 )
#290165506000
0!
0%
#290207172500
1!
1%
b1000111 )
#290248839000
0!
0%
#290290505500
1!
1%
b1001000 )
#290332172000
0!
0%
#290373838500
1!
1%
b1001001 )
#290415505000
0!
0%
#290457171500
1!
1%
b1001010 )
#290498838000
0!
0%
#290540504500
1!
1%
b1001011 )
#290582171000
0!
0%
#290623837500
1!
0$
1%
0(
b1001100 )
#290665504000
0!
0%
#290707170500
1!
1%
b1001101 )
#290748837000
0!
0%
#290790503500
1!
1%
b1001110 )
#290832170000
0!
0%
#290873836500
1!
1%
b1001111 )
#290915503000
0!
0%
#290957169500
1!
1%
b1010000 )
#290998836000
0!
0%
#291040502500
1!
1%
b1010001 )
#291082169000
0!
0%
#291123835500
1!
1%
b1010010 )
#291165502000
0!
0%
#291207168500
1!
1%
b1010011 )
#291248835000
0!
0%
#291290501500
1!
1%
b1010100 )
#291332168000
0!
0%
#291373834500
1!
1%
b1010101 )
#291415501000
0!
0%
#291457167500
1!
1%
b1010110 )
#291498834000
0!
0%
#291540500500
1!
1%
b1010111 )
#291582167000
0!
0%
#291623833500
1!
1%
b1011000 )
#291665500000
0!
0%
#291707166500
1!
1%
b1011001 )
#291748833000
0!
0%
#291790499500
1!
1%
b1011010 )
#291832166000
0!
0%
#291873832500
1!
1%
b1011011 )
#291915499000
0!
0%
#291957165500
1!
1%
b1011100 )
#291998832000
0!
0%
#292040498500
1!
1%
b1011101 )
#292082165000
0!
0%
#292123831500
1!
1%
b1011110 )
#292165498000
0!
0%
#292207164500
1!
1%
b1011111 )
#292248831000
0!
0%
#292290497500
1!
1%
b1100000 )
#292332164000
0!
0%
#292373830500
1!
1%
b1100001 )
#292415497000
0!
0%
#292457163500
1!
1%
b1100010 )
#292498830000
0!
0%
#292540496500
1!
1%
b1100011 )
#292582163000
0!
0%
#292623829500
1!
1%
b0 )
#292665496000
0!
0%
#292707162500
1!
1$
1%
1(
b1 )
#292748829000
0!
0%
#292790495500
1!
1%
b10 )
#292832162000
0!
0%
#292873828500
1!
1%
b11 )
#292915495000
0!
0%
#292957161500
1!
1%
b100 )
#292998828000
0!
0%
#293040494500
1!
1%
b101 )
#293082161000
0!
0%
#293123827500
1!
1%
b110 )
#293165494000
0!
0%
#293207160500
1!
1%
b111 )
#293248827000
0!
0%
#293290493500
1!
1%
b1000 )
#293332160000
0!
0%
#293373826500
1!
1%
b1001 )
#293415493000
0!
0%
#293457159500
1!
1%
b1010 )
#293498826000
0!
0%
#293540492500
1!
1%
b1011 )
#293582159000
0!
0%
#293623825500
1!
1%
b1100 )
#293665492000
0!
0%
#293707158500
1!
1%
b1101 )
#293748825000
0!
0%
#293790491500
1!
1%
b1110 )
#293832158000
0!
0%
#293873824500
1!
1%
b1111 )
#293915491000
0!
0%
#293957157500
1!
1%
b10000 )
#293998824000
0!
0%
#294040490500
1!
1%
b10001 )
#294082157000
0!
0%
#294123823500
1!
1%
b10010 )
#294165490000
0!
0%
#294207156500
1!
1%
b10011 )
#294248823000
0!
0%
#294290489500
1!
1%
b10100 )
#294332156000
0!
0%
#294373822500
1!
1%
b10101 )
#294415489000
0!
0%
#294457155500
1!
1%
b10110 )
#294498822000
0!
0%
#294540488500
1!
1%
b10111 )
#294582155000
0!
0%
#294623821500
1!
1%
b11000 )
#294665488000
0!
0%
#294707154500
1!
1%
b11001 )
#294748821000
0!
0%
#294790487500
1!
1%
b11010 )
#294832154000
0!
0%
#294873820500
1!
1%
b11011 )
#294915487000
0!
0%
#294957153500
1!
1%
b11100 )
#294998820000
0!
0%
#295040486500
1!
1%
b11101 )
#295082153000
0!
0%
#295123819500
1!
1%
b11110 )
#295165486000
0!
0%
#295207152500
1!
1%
b11111 )
#295248819000
0!
0%
#295290485500
1!
1%
b100000 )
#295332152000
0!
0%
#295373818500
1!
1%
b100001 )
#295415485000
0!
0%
#295457151500
1!
1%
b100010 )
#295498818000
0!
0%
#295540484500
1!
1%
b100011 )
#295582151000
0!
0%
#295623817500
1!
1%
b100100 )
#295665484000
0!
0%
#295707150500
1!
1%
b100101 )
#295748817000
0!
0%
#295790483500
1!
1%
b100110 )
#295832150000
0!
0%
#295873816500
1!
1%
b100111 )
#295915483000
0!
0%
#295957149500
1!
1%
b101000 )
#295998816000
0!
0%
#296040482500
1!
1%
b101001 )
#296082149000
0!
0%
#296123815500
1!
1%
b101010 )
#296165482000
0!
0%
#296207148500
1!
1%
b101011 )
#296248815000
0!
0%
#296290481500
1!
1%
b101100 )
#296332148000
0!
0%
#296373814500
1!
1%
b101101 )
#296415481000
0!
0%
#296457147500
1!
1%
b101110 )
#296498814000
0!
0%
#296540480500
1!
1%
b101111 )
#296582147000
0!
0%
#296623813500
1!
1%
b110000 )
#296665480000
0!
0%
#296707146500
1!
1%
b110001 )
#296748813000
0!
0%
#296790479500
1!
1%
b110010 )
#296832146000
0!
0%
#296873812500
1!
1%
b110011 )
#296915479000
0!
0%
#296957145500
1!
1%
b110100 )
#296998812000
0!
0%
#297040478500
1!
1%
b110101 )
#297082145000
0!
0%
#297123811500
1!
1%
b110110 )
#297165478000
0!
0%
#297207144500
1!
1%
b110111 )
#297248811000
0!
0%
#297290477500
1!
1%
b111000 )
#297332144000
0!
0%
#297373810500
1!
1%
b111001 )
#297415477000
0!
0%
#297457143500
1!
1%
b111010 )
#297498810000
0!
0%
#297540476500
1!
1%
b111011 )
#297582143000
0!
0%
#297623809500
1!
1%
b111100 )
#297665476000
0!
0%
#297707142500
1!
1%
b111101 )
#297748809000
0!
0%
#297790475500
1!
1%
b111110 )
#297832142000
0!
0%
#297873808500
1!
1%
b111111 )
#297915475000
0!
0%
#297957141500
1!
1%
b1000000 )
#297998808000
0!
0%
#298040474500
1!
1%
b1000001 )
#298082141000
0!
0%
#298123807500
1!
1%
b1000010 )
#298165474000
0!
0%
#298207140500
1!
1%
b1000011 )
#298248807000
0!
0%
#298290473500
1!
1%
b1000100 )
#298332140000
0!
0%
#298373806500
1!
1%
b1000101 )
#298415473000
0!
0%
#298457139500
1!
1%
b1000110 )
#298498806000
0!
0%
#298540472500
1!
1%
b1000111 )
#298582139000
0!
0%
#298623805500
1!
1%
b1001000 )
#298665472000
0!
0%
#298707138500
1!
1%
b1001001 )
#298748805000
0!
0%
#298790471500
1!
1%
b1001010 )
#298832138000
0!
0%
#298873804500
1!
1%
b1001011 )
#298915471000
0!
0%
#298957137500
1!
0$
1%
0(
b1001100 )
#298998804000
0!
0%
#299040470500
1!
1%
b1001101 )
#299082137000
0!
0%
#299123803500
1!
1%
b1001110 )
#299165470000
0!
0%
#299207136500
1!
1%
b1001111 )
#299248803000
0!
0%
#299290469500
1!
1%
b1010000 )
#299332136000
0!
0%
#299373802500
1!
1%
b1010001 )
#299415469000
0!
0%
#299457135500
1!
1%
b1010010 )
#299498802000
0!
0%
#299540468500
1!
1%
b1010011 )
#299582135000
0!
0%
#299623801500
1!
1%
b1010100 )
#299665468000
0!
0%
#299707134500
1!
1%
b1010101 )
#299748801000
0!
0%
#299790467500
1!
1%
b1010110 )
#299832134000
0!
0%
#299873800500
1!
1%
b1010111 )
#299915467000
0!
0%
#299957133500
1!
1%
b1011000 )
#299998800000
0!
0%
#300040466500
1!
1%
b1011001 )
#300082133000
0!
0%
#300123799500
1!
1%
b1011010 )
#300165466000
0!
0%
#300207132500
1!
1%
b1011011 )
#300248799000
0!
0%
#300290465500
1!
1%
b1011100 )
#300332132000
0!
0%
#300373798500
1!
1%
b1011101 )
#300415465000
0!
0%
#300457131500
1!
1%
b1011110 )
#300498798000
0!
0%
#300540464500
1!
1%
b1011111 )
#300582131000
0!
0%
#300623797500
1!
1%
b1100000 )
#300665464000
0!
0%
#300707130500
1!
1%
b1100001 )
#300748797000
0!
0%
#300790463500
1!
1%
b1100010 )
#300832130000
0!
0%
#300873796500
1!
1%
b1100011 )
#300915463000
0!
0%
#300957129500
1!
1%
b0 )
#300998796000
0!
0%
#301000000000
#301040462500
1!
1$
1%
1(
b1 )
#301082129000
0!
0%
#301123795500
1!
1%
b10 )
#301165462000
0!
0%
#301207128500
1!
1%
b11 )
#301248795000
0!
0%
#301290461500
1!
1%
b100 )
#301332128000
0!
0%
#301373794500
1!
1%
b101 )
#301415461000
0!
0%
#301457127500
1!
1%
b110 )
#301498794000
0!
0%
#301540460500
1!
1%
b111 )
#301582127000
0!
0%
#301623793500
1!
1%
b1000 )
#301665460000
0!
0%
#301707126500
1!
1%
b1001 )
#301748793000
0!
0%
#301790459500
1!
1%
b1010 )
#301832126000
0!
0%
#301873792500
1!
1%
b1011 )
#301915459000
0!
0%
#301957125500
1!
1%
b1100 )
#301998792000
0!
0%
#302040458500
1!
1%
b1101 )
#302082125000
0!
0%
#302123791500
1!
1%
b1110 )
#302165458000
0!
0%
#302207124500
1!
1%
b1111 )
#302248791000
0!
0%
#302290457500
1!
1%
b10000 )
#302332124000
0!
0%
#302373790500
1!
1%
b10001 )
#302415457000
0!
0%
#302457123500
1!
1%
b10010 )
#302498790000
0!
0%
#302540456500
1!
1%
b10011 )
#302582123000
0!
0%
#302623789500
1!
1%
b10100 )
#302665456000
0!
0%
#302707122500
1!
1%
b10101 )
#302748789000
0!
0%
#302790455500
1!
1%
b10110 )
#302832122000
0!
0%
#302873788500
1!
1%
b10111 )
#302915455000
0!
0%
#302957121500
1!
1%
b11000 )
#302998788000
0!
0%
#303040454500
1!
1%
b11001 )
#303082121000
0!
0%
#303123787500
1!
1%
b11010 )
#303165454000
0!
0%
#303207120500
1!
1%
b11011 )
#303248787000
0!
0%
#303290453500
1!
1%
b11100 )
#303332120000
0!
0%
#303373786500
1!
1%
b11101 )
#303415453000
0!
0%
#303457119500
1!
1%
b11110 )
#303498786000
0!
0%
#303540452500
1!
1%
b11111 )
#303582119000
0!
0%
#303623785500
1!
1%
b100000 )
#303665452000
0!
0%
#303707118500
1!
1%
b100001 )
#303748785000
0!
0%
#303790451500
1!
1%
b100010 )
#303832118000
0!
0%
#303873784500
1!
1%
b100011 )
#303915451000
0!
0%
#303957117500
1!
1%
b100100 )
#303998784000
0!
0%
#304040450500
1!
1%
b100101 )
#304082117000
0!
0%
#304123783500
1!
1%
b100110 )
#304165450000
0!
0%
#304207116500
1!
1%
b100111 )
#304248783000
0!
0%
#304290449500
1!
1%
b101000 )
#304332116000
0!
0%
#304373782500
1!
1%
b101001 )
#304415449000
0!
0%
#304457115500
1!
1%
b101010 )
#304498782000
0!
0%
#304540448500
1!
1%
b101011 )
#304582115000
0!
0%
#304623781500
1!
1%
b101100 )
#304665448000
0!
0%
#304707114500
1!
1%
b101101 )
#304748781000
0!
0%
#304790447500
1!
1%
b101110 )
#304832114000
0!
0%
#304873780500
1!
1%
b101111 )
#304915447000
0!
0%
#304957113500
1!
1%
b110000 )
#304998780000
0!
0%
#305040446500
1!
1%
b110001 )
#305082113000
0!
0%
#305123779500
1!
1%
b110010 )
#305165446000
0!
0%
#305207112500
1!
1%
b110011 )
#305248779000
0!
0%
#305290445500
1!
1%
b110100 )
#305332112000
0!
0%
#305373778500
1!
1%
b110101 )
#305415445000
0!
0%
#305457111500
1!
1%
b110110 )
#305498778000
0!
0%
#305540444500
1!
1%
b110111 )
#305582111000
0!
0%
#305623777500
1!
1%
b111000 )
#305665444000
0!
0%
#305707110500
1!
1%
b111001 )
#305748777000
0!
0%
#305790443500
1!
1%
b111010 )
#305832110000
0!
0%
#305873776500
1!
1%
b111011 )
#305915443000
0!
0%
#305957109500
1!
1%
b111100 )
#305998776000
0!
0%
#306040442500
1!
1%
b111101 )
#306082109000
0!
0%
#306123775500
1!
1%
b111110 )
#306165442000
0!
0%
#306207108500
1!
1%
b111111 )
#306248775000
0!
0%
#306290441500
1!
1%
b1000000 )
#306332108000
0!
0%
#306373774500
1!
1%
b1000001 )
#306415441000
0!
0%
#306457107500
1!
1%
b1000010 )
#306498774000
0!
0%
#306540440500
1!
1%
b1000011 )
#306582107000
0!
0%
#306623773500
1!
1%
b1000100 )
#306665440000
0!
0%
#306707106500
1!
1%
b1000101 )
#306748773000
0!
0%
#306790439500
1!
1%
b1000110 )
#306832106000
0!
0%
#306873772500
1!
1%
b1000111 )
#306915439000
0!
0%
#306957105500
1!
1%
b1001000 )
#306998772000
0!
0%
#307040438500
1!
1%
b1001001 )
#307082105000
0!
0%
#307123771500
1!
1%
b1001010 )
#307165438000
0!
0%
#307207104500
1!
1%
b1001011 )
#307248771000
0!
0%
#307290437500
1!
0$
1%
0(
b1001100 )
#307332104000
0!
0%
#307373770500
1!
1%
b1001101 )
#307415437000
0!
0%
#307457103500
1!
1%
b1001110 )
#307498770000
0!
0%
#307540436500
1!
1%
b1001111 )
#307582103000
0!
0%
#307623769500
1!
1%
b1010000 )
#307665436000
0!
0%
#307707102500
1!
1%
b1010001 )
#307748769000
0!
0%
#307790435500
1!
1%
b1010010 )
#307832102000
0!
0%
#307873768500
1!
1%
b1010011 )
#307915435000
0!
0%
#307957101500
1!
1%
b1010100 )
#307998768000
0!
0%
#308040434500
1!
1%
b1010101 )
#308082101000
0!
0%
#308123767500
1!
1%
b1010110 )
#308165434000
0!
0%
#308207100500
1!
1%
b1010111 )
#308248767000
0!
0%
#308290433500
1!
1%
b1011000 )
#308332100000
0!
0%
#308373766500
1!
1%
b1011001 )
#308415433000
0!
0%
#308457099500
1!
1%
b1011010 )
#308498766000
0!
0%
#308540432500
1!
1%
b1011011 )
#308582099000
0!
0%
#308623765500
1!
1%
b1011100 )
#308665432000
0!
0%
#308707098500
1!
1%
b1011101 )
#308748765000
0!
0%
#308790431500
1!
1%
b1011110 )
#308832098000
0!
0%
#308873764500
1!
1%
b1011111 )
#308915431000
0!
0%
#308957097500
1!
1%
b1100000 )
#308998764000
0!
0%
#309040430500
1!
1%
b1100001 )
#309082097000
0!
0%
#309123763500
1!
1%
b1100010 )
#309165430000
0!
0%
#309207096500
1!
1%
b1100011 )
#309248763000
0!
0%
#309290429500
1!
1%
b0 )
#309332096000
0!
0%
#309373762500
1!
1$
1%
1(
b1 )
#309415429000
0!
0%
#309457095500
1!
1%
b10 )
#309498762000
0!
0%
#309540428500
1!
1%
b11 )
#309582095000
0!
0%
#309623761500
1!
1%
b100 )
#309665428000
0!
0%
#309707094500
1!
1%
b101 )
#309748761000
0!
0%
#309790427500
1!
1%
b110 )
#309832094000
0!
0%
#309873760500
1!
1%
b111 )
#309915427000
0!
0%
#309957093500
1!
1%
b1000 )
#309998760000
0!
0%
#310040426500
1!
1%
b1001 )
#310082093000
0!
0%
#310123759500
1!
1%
b1010 )
#310165426000
0!
0%
#310207092500
1!
1%
b1011 )
#310248759000
0!
0%
#310290425500
1!
1%
b1100 )
#310332092000
0!
0%
#310373758500
1!
1%
b1101 )
#310415425000
0!
0%
#310457091500
1!
1%
b1110 )
#310498758000
0!
0%
#310540424500
1!
1%
b1111 )
#310582091000
0!
0%
#310623757500
1!
1%
b10000 )
#310665424000
0!
0%
#310707090500
1!
1%
b10001 )
#310748757000
0!
0%
#310790423500
1!
1%
b10010 )
#310832090000
0!
0%
#310873756500
1!
1%
b10011 )
#310915423000
0!
0%
#310957089500
1!
1%
b10100 )
#310998756000
0!
0%
#311040422500
1!
1%
b10101 )
#311082089000
0!
0%
#311123755500
1!
1%
b10110 )
#311165422000
0!
0%
#311207088500
1!
1%
b10111 )
#311248755000
0!
0%
#311290421500
1!
1%
b11000 )
#311332088000
0!
0%
#311373754500
1!
1%
b11001 )
#311415421000
0!
0%
#311457087500
1!
1%
b11010 )
#311498754000
0!
0%
#311540420500
1!
1%
b11011 )
#311582087000
0!
0%
#311623753500
1!
1%
b11100 )
#311665420000
0!
0%
#311707086500
1!
1%
b11101 )
#311748753000
0!
0%
#311790419500
1!
1%
b11110 )
#311832086000
0!
0%
#311873752500
1!
1%
b11111 )
#311915419000
0!
0%
#311957085500
1!
1%
b100000 )
#311998752000
0!
0%
#312040418500
1!
1%
b100001 )
#312082085000
0!
0%
#312123751500
1!
1%
b100010 )
#312165418000
0!
0%
#312207084500
1!
1%
b100011 )
#312248751000
0!
0%
#312290417500
1!
1%
b100100 )
#312332084000
0!
0%
#312373750500
1!
1%
b100101 )
#312415417000
0!
0%
#312457083500
1!
1%
b100110 )
#312498750000
0!
0%
#312540416500
1!
1%
b100111 )
#312582083000
0!
0%
#312623749500
1!
1%
b101000 )
#312665416000
0!
0%
#312707082500
1!
1%
b101001 )
#312748749000
0!
0%
#312790415500
1!
1%
b101010 )
#312832082000
0!
0%
#312873748500
1!
1%
b101011 )
#312915415000
0!
0%
#312957081500
1!
1%
b101100 )
#312998748000
0!
0%
#313040414500
1!
1%
b101101 )
#313082081000
0!
0%
#313123747500
1!
1%
b101110 )
#313165414000
0!
0%
#313207080500
1!
1%
b101111 )
#313248747000
0!
0%
#313290413500
1!
1%
b110000 )
#313332080000
0!
0%
#313373746500
1!
1%
b110001 )
#313415413000
0!
0%
#313457079500
1!
1%
b110010 )
#313498746000
0!
0%
#313540412500
1!
1%
b110011 )
#313582079000
0!
0%
#313623745500
1!
1%
b110100 )
#313665412000
0!
0%
#313707078500
1!
1%
b110101 )
#313748745000
0!
0%
#313790411500
1!
1%
b110110 )
#313832078000
0!
0%
#313873744500
1!
1%
b110111 )
#313915411000
0!
0%
#313957077500
1!
1%
b111000 )
#313998744000
0!
0%
#314040410500
1!
1%
b111001 )
#314082077000
0!
0%
#314123743500
1!
1%
b111010 )
#314165410000
0!
0%
#314207076500
1!
1%
b111011 )
#314248743000
0!
0%
#314290409500
1!
1%
b111100 )
#314332076000
0!
0%
#314373742500
1!
1%
b111101 )
#314415409000
0!
0%
#314457075500
1!
1%
b111110 )
#314498742000
0!
0%
#314540408500
1!
1%
b111111 )
#314582075000
0!
0%
#314623741500
1!
1%
b1000000 )
#314665408000
0!
0%
#314707074500
1!
1%
b1000001 )
#314748741000
0!
0%
#314790407500
1!
1%
b1000010 )
#314832074000
0!
0%
#314873740500
1!
1%
b1000011 )
#314915407000
0!
0%
#314957073500
1!
1%
b1000100 )
#314998740000
0!
0%
#315040406500
1!
1%
b1000101 )
#315082073000
0!
0%
#315123739500
1!
1%
b1000110 )
#315165406000
0!
0%
#315207072500
1!
1%
b1000111 )
#315248739000
0!
0%
#315290405500
1!
1%
b1001000 )
#315332072000
0!
0%
#315373738500
1!
1%
b1001001 )
#315415405000
0!
0%
#315457071500
1!
1%
b1001010 )
#315498738000
0!
0%
#315540404500
1!
1%
b1001011 )
#315582071000
0!
0%
#315623737500
1!
0$
1%
0(
b1001100 )
#315665404000
0!
0%
#315707070500
1!
1%
b1001101 )
#315748737000
0!
0%
#315790403500
1!
1%
b1001110 )
#315832070000
0!
0%
#315873736500
1!
1%
b1001111 )
#315915403000
0!
0%
#315957069500
1!
1%
b1010000 )
#315998736000
0!
0%
#316040402500
1!
1%
b1010001 )
#316082069000
0!
0%
#316123735500
1!
1%
b1010010 )
#316165402000
0!
0%
#316207068500
1!
1%
b1010011 )
#316248735000
0!
0%
#316290401500
1!
1%
b1010100 )
#316332068000
0!
0%
#316373734500
1!
1%
b1010101 )
#316415401000
0!
0%
#316457067500
1!
1%
b1010110 )
#316498734000
0!
0%
#316540400500
1!
1%
b1010111 )
#316582067000
0!
0%
#316623733500
1!
1%
b1011000 )
#316665400000
0!
0%
#316707066500
1!
1%
b1011001 )
#316748733000
0!
0%
#316790399500
1!
1%
b1011010 )
#316832066000
0!
0%
#316873732500
1!
1%
b1011011 )
#316915399000
0!
0%
#316957065500
1!
1%
b1011100 )
#316998732000
0!
0%
#317040398500
1!
1%
b1011101 )
#317082065000
0!
0%
#317123731500
1!
1%
b1011110 )
#317165398000
0!
0%
#317207064500
1!
1%
b1011111 )
#317248731000
0!
0%
#317290397500
1!
1%
b1100000 )
#317332064000
0!
0%
#317373730500
1!
1%
b1100001 )
#317415397000
0!
0%
#317457063500
1!
1%
b1100010 )
#317498730000
0!
0%
#317540396500
1!
1%
b1100011 )
#317582063000
0!
0%
#317623729500
1!
1%
b0 )
#317665396000
0!
0%
#317707062500
1!
1$
1%
1(
b1 )
#317748729000
0!
0%
#317790395500
1!
1%
b10 )
#317832062000
0!
0%
#317873728500
1!
1%
b11 )
#317915395000
0!
0%
#317957061500
1!
1%
b100 )
#317998728000
0!
0%
#318040394500
1!
1%
b101 )
#318082061000
0!
0%
#318123727500
1!
1%
b110 )
#318165394000
0!
0%
#318207060500
1!
1%
b111 )
#318248727000
0!
0%
#318290393500
1!
1%
b1000 )
#318332060000
0!
0%
#318373726500
1!
1%
b1001 )
#318415393000
0!
0%
#318457059500
1!
1%
b1010 )
#318498726000
0!
0%
#318540392500
1!
1%
b1011 )
#318582059000
0!
0%
#318623725500
1!
1%
b1100 )
#318665392000
0!
0%
#318707058500
1!
1%
b1101 )
#318748725000
0!
0%
#318790391500
1!
1%
b1110 )
#318832058000
0!
0%
#318873724500
1!
1%
b1111 )
#318915391000
0!
0%
#318957057500
1!
1%
b10000 )
#318998724000
0!
0%
#319040390500
1!
1%
b10001 )
#319082057000
0!
0%
#319123723500
1!
1%
b10010 )
#319165390000
0!
0%
#319207056500
1!
1%
b10011 )
#319248723000
0!
0%
#319290389500
1!
1%
b10100 )
#319332056000
0!
0%
#319373722500
1!
1%
b10101 )
#319415389000
0!
0%
#319457055500
1!
1%
b10110 )
#319498722000
0!
0%
#319540388500
1!
1%
b10111 )
#319582055000
0!
0%
#319623721500
1!
1%
b11000 )
#319665388000
0!
0%
#319707054500
1!
1%
b11001 )
#319748721000
0!
0%
#319790387500
1!
1%
b11010 )
#319832054000
0!
0%
#319873720500
1!
1%
b11011 )
#319915387000
0!
0%
#319957053500
1!
1%
b11100 )
#319998720000
0!
0%
#320040386500
1!
1%
b11101 )
#320082053000
0!
0%
#320123719500
1!
1%
b11110 )
#320165386000
0!
0%
#320207052500
1!
1%
b11111 )
#320248719000
0!
0%
#320290385500
1!
1%
b100000 )
#320332052000
0!
0%
#320373718500
1!
1%
b100001 )
#320415385000
0!
0%
#320457051500
1!
1%
b100010 )
#320498718000
0!
0%
#320540384500
1!
1%
b100011 )
#320582051000
0!
0%
#320623717500
1!
1%
b100100 )
#320665384000
0!
0%
#320707050500
1!
1%
b100101 )
#320748717000
0!
0%
#320790383500
1!
1%
b100110 )
#320832050000
0!
0%
#320873716500
1!
1%
b100111 )
#320915383000
0!
0%
#320957049500
1!
1%
b101000 )
#320998716000
0!
0%
#321040382500
1!
1%
b101001 )
#321082049000
0!
0%
#321123715500
1!
1%
b101010 )
#321165382000
0!
0%
#321207048500
1!
1%
b101011 )
#321248715000
0!
0%
#321290381500
1!
1%
b101100 )
#321332048000
0!
0%
#321373714500
1!
1%
b101101 )
#321415381000
0!
0%
#321457047500
1!
1%
b101110 )
#321498714000
0!
0%
#321540380500
1!
1%
b101111 )
#321582047000
0!
0%
#321623713500
1!
1%
b110000 )
#321665380000
0!
0%
#321707046500
1!
1%
b110001 )
#321748713000
0!
0%
#321790379500
1!
1%
b110010 )
#321832046000
0!
0%
#321873712500
1!
1%
b110011 )
#321915379000
0!
0%
#321957045500
1!
1%
b110100 )
#321998712000
0!
0%
#322040378500
1!
1%
b110101 )
#322082045000
0!
0%
#322123711500
1!
1%
b110110 )
#322165378000
0!
0%
#322207044500
1!
1%
b110111 )
#322248711000
0!
0%
#322290377500
1!
1%
b111000 )
#322332044000
0!
0%
#322373710500
1!
1%
b111001 )
#322415377000
0!
0%
#322457043500
1!
1%
b111010 )
#322498710000
0!
0%
#322540376500
1!
1%
b111011 )
#322582043000
0!
0%
#322623709500
1!
1%
b111100 )
#322665376000
0!
0%
#322707042500
1!
1%
b111101 )
#322748709000
0!
0%
#322790375500
1!
1%
b111110 )
#322832042000
0!
0%
#322873708500
1!
1%
b111111 )
#322915375000
0!
0%
#322957041500
1!
1%
b1000000 )
#322998708000
0!
0%
#323040374500
1!
1%
b1000001 )
#323082041000
0!
0%
#323123707500
1!
1%
b1000010 )
#323165374000
0!
0%
#323207040500
1!
1%
b1000011 )
#323248707000
0!
0%
#323290373500
1!
1%
b1000100 )
#323332040000
0!
0%
#323373706500
1!
1%
b1000101 )
#323415373000
0!
0%
#323457039500
1!
1%
b1000110 )
#323498706000
0!
0%
#323540372500
1!
1%
b1000111 )
#323582039000
0!
0%
#323623705500
1!
1%
b1001000 )
#323665372000
0!
0%
#323707038500
1!
1%
b1001001 )
#323748705000
0!
0%
#323790371500
1!
1%
b1001010 )
#323832038000
0!
0%
#323873704500
1!
1%
b1001011 )
#323915371000
0!
0%
#323957037500
1!
0$
1%
0(
b1001100 )
#323998704000
0!
0%
#324040370500
1!
1%
b1001101 )
#324082037000
0!
0%
#324123703500
1!
1%
b1001110 )
#324165370000
0!
0%
#324207036500
1!
1%
b1001111 )
#324248703000
0!
0%
#324290369500
1!
1%
b1010000 )
#324332036000
0!
0%
#324373702500
1!
1%
b1010001 )
#324415369000
0!
0%
#324457035500
1!
1%
b1010010 )
#324498702000
0!
0%
#324540368500
1!
1%
b1010011 )
#324582035000
0!
0%
#324623701500
1!
1%
b1010100 )
#324665368000
0!
0%
#324707034500
1!
1%
b1010101 )
#324748701000
0!
0%
#324790367500
1!
1%
b1010110 )
#324832034000
0!
0%
#324873700500
1!
1%
b1010111 )
#324915367000
0!
0%
#324957033500
1!
1%
b1011000 )
#324998700000
0!
0%
#325040366500
1!
1%
b1011001 )
#325082033000
0!
0%
#325123699500
1!
1%
b1011010 )
#325165366000
0!
0%
#325207032500
1!
1%
b1011011 )
#325248699000
0!
0%
#325290365500
1!
1%
b1011100 )
#325332032000
0!
0%
#325373698500
1!
1%
b1011101 )
#325415365000
0!
0%
#325457031500
1!
1%
b1011110 )
#325498698000
0!
0%
#325540364500
1!
1%
b1011111 )
#325582031000
0!
0%
#325623697500
1!
1%
b1100000 )
#325665364000
0!
0%
#325707030500
1!
1%
b1100001 )
#325748697000
0!
0%
#325790363500
1!
1%
b1100010 )
#325832030000
0!
0%
#325873696500
1!
1%
b1100011 )
#325915363000
0!
0%
#325957029500
1!
1%
b0 )
#325998696000
0!
0%
#326040362500
1!
1$
1%
1(
b1 )
#326082029000
0!
0%
#326123695500
1!
1%
b10 )
#326165362000
0!
0%
#326207028500
1!
1%
b11 )
#326248695000
0!
0%
#326290361500
1!
1%
b100 )
#326332028000
0!
0%
#326373694500
1!
1%
b101 )
#326415361000
0!
0%
#326457027500
1!
1%
b110 )
#326498694000
0!
0%
#326540360500
1!
1%
b111 )
#326582027000
0!
0%
#326623693500
1!
1%
b1000 )
#326665360000
0!
0%
#326707026500
1!
1%
b1001 )
#326748693000
0!
0%
#326790359500
1!
1%
b1010 )
#326832026000
0!
0%
#326873692500
1!
1%
b1011 )
#326915359000
0!
0%
#326957025500
1!
1%
b1100 )
#326998692000
0!
0%
#327040358500
1!
1%
b1101 )
#327082025000
0!
0%
#327123691500
1!
1%
b1110 )
#327165358000
0!
0%
#327207024500
1!
1%
b1111 )
#327248691000
0!
0%
#327290357500
1!
1%
b10000 )
#327332024000
0!
0%
#327373690500
1!
1%
b10001 )
#327415357000
0!
0%
#327457023500
1!
1%
b10010 )
#327498690000
0!
0%
#327540356500
1!
1%
b10011 )
#327582023000
0!
0%
#327623689500
1!
1%
b10100 )
#327665356000
0!
0%
#327707022500
1!
1%
b10101 )
#327748689000
0!
0%
#327790355500
1!
1%
b10110 )
#327832022000
0!
0%
#327873688500
1!
1%
b10111 )
#327915355000
0!
0%
#327957021500
1!
1%
b11000 )
#327998688000
0!
0%
#328040354500
1!
1%
b11001 )
#328082021000
0!
0%
#328123687500
1!
1%
b11010 )
#328165354000
0!
0%
#328207020500
1!
1%
b11011 )
#328248687000
0!
0%
#328290353500
1!
1%
b11100 )
#328332020000
0!
0%
#328373686500
1!
1%
b11101 )
#328415353000
0!
0%
#328457019500
1!
1%
b11110 )
#328498686000
0!
0%
#328540352500
1!
1%
b11111 )
#328582019000
0!
0%
#328623685500
1!
1%
b100000 )
#328665352000
0!
0%
#328707018500
1!
1%
b100001 )
#328748685000
0!
0%
#328790351500
1!
1%
b100010 )
#328832018000
0!
0%
#328873684500
1!
1%
b100011 )
#328915351000
0!
0%
#328957017500
1!
1%
b100100 )
#328998684000
0!
0%
#329040350500
1!
1%
b100101 )
#329082017000
0!
0%
#329123683500
1!
1%
b100110 )
#329165350000
0!
0%
#329207016500
1!
1%
b100111 )
#329248683000
0!
0%
#329290349500
1!
1%
b101000 )
#329332016000
0!
0%
#329373682500
1!
1%
b101001 )
#329415349000
0!
0%
#329457015500
1!
1%
b101010 )
#329498682000
0!
0%
#329540348500
1!
1%
b101011 )
#329582015000
0!
0%
#329623681500
1!
1%
b101100 )
#329665348000
0!
0%
#329707014500
1!
1%
b101101 )
#329748681000
0!
0%
#329790347500
1!
1%
b101110 )
#329832014000
0!
0%
#329873680500
1!
1%
b101111 )
#329915347000
0!
0%
#329957013500
1!
1%
b110000 )
#329998680000
0!
0%
#330040346500
1!
1%
b110001 )
#330082013000
0!
0%
#330123679500
1!
1%
b110010 )
#330165346000
0!
0%
#330207012500
1!
1%
b110011 )
#330248679000
0!
0%
#330290345500
1!
1%
b110100 )
#330332012000
0!
0%
#330373678500
1!
1%
b110101 )
#330415345000
0!
0%
#330457011500
1!
1%
b110110 )
#330498678000
0!
0%
#330540344500
1!
1%
b110111 )
#330582011000
0!
0%
#330623677500
1!
1%
b111000 )
#330665344000
0!
0%
#330707010500
1!
1%
b111001 )
#330748677000
0!
0%
#330790343500
1!
1%
b111010 )
#330832010000
0!
0%
#330873676500
1!
1%
b111011 )
#330915343000
0!
0%
#330957009500
1!
1%
b111100 )
#330998676000
0!
0%
#331040342500
1!
1%
b111101 )
#331082009000
0!
0%
#331123675500
1!
1%
b111110 )
#331165342000
0!
0%
#331207008500
1!
1%
b111111 )
#331248675000
0!
0%
#331290341500
1!
1%
b1000000 )
#331332008000
0!
0%
#331373674500
1!
1%
b1000001 )
#331415341000
0!
0%
#331457007500
1!
1%
b1000010 )
#331498674000
0!
0%
#331540340500
1!
1%
b1000011 )
#331582007000
0!
0%
#331623673500
1!
1%
b1000100 )
#331665340000
0!
0%
#331707006500
1!
1%
b1000101 )
#331748673000
0!
0%
#331790339500
1!
1%
b1000110 )
#331832006000
0!
0%
#331873672500
1!
1%
b1000111 )
#331915339000
0!
0%
#331957005500
1!
1%
b1001000 )
#331998672000
0!
0%
#332040338500
1!
1%
b1001001 )
#332082005000
0!
0%
#332123671500
1!
1%
b1001010 )
#332165338000
0!
0%
#332207004500
1!
1%
b1001011 )
#332248671000
0!
0%
#332290337500
1!
0$
1%
0(
b1001100 )
#332332004000
0!
0%
#332373670500
1!
1%
b1001101 )
#332415337000
0!
0%
#332457003500
1!
1%
b1001110 )
#332498670000
0!
0%
#332540336500
1!
1%
b1001111 )
#332582003000
0!
0%
#332623669500
1!
1%
b1010000 )
#332665336000
0!
0%
#332707002500
1!
1%
b1010001 )
#332748669000
0!
0%
#332790335500
1!
1%
b1010010 )
#332832002000
0!
0%
#332873668500
1!
1%
b1010011 )
#332915335000
0!
0%
#332957001500
1!
1%
b1010100 )
#332998668000
0!
0%
#333040334500
1!
1%
b1010101 )
#333082001000
0!
0%
#333123667500
1!
1%
b1010110 )
#333165334000
0!
0%
#333207000500
1!
1%
b1010111 )
#333248667000
0!
0%
#333290333500
1!
1%
b1011000 )
#333332000000
0!
0%
#333373666500
1!
1%
b1011001 )
#333415333000
0!
0%
#333456999500
1!
1%
b1011010 )
#333498666000
0!
0%
#333540332500
1!
1%
b1011011 )
#333581999000
0!
0%
#333623665500
1!
1%
b1011100 )
#333665332000
0!
0%
#333706998500
1!
1%
b1011101 )
#333748665000
0!
0%
#333790331500
1!
1%
b1011110 )
#333831998000
0!
0%
#333873664500
1!
1%
b1011111 )
#333915331000
0!
0%
#333956997500
1!
1%
b1100000 )
#333998664000
0!
0%
#334040330500
1!
1%
b1100001 )
#334081997000
0!
0%
#334123663500
1!
1%
b1100010 )
#334165330000
0!
0%
#334206996500
1!
1%
b1100011 )
#334248663000
0!
0%
#334290329500
1!
1%
b0 )
#334331996000
0!
0%
#334373662500
1!
1$
1%
1(
b1 )
#334415329000
0!
0%
#334456995500
1!
1%
b10 )
#334498662000
0!
0%
#334540328500
1!
1%
b11 )
#334581995000
0!
0%
#334623661500
1!
1%
b100 )
#334665328000
0!
0%
#334706994500
1!
1%
b101 )
#334748661000
0!
0%
#334790327500
1!
1%
b110 )
#334831994000
0!
0%
#334873660500
1!
1%
b111 )
#334915327000
0!
0%
#334956993500
1!
1%
b1000 )
#334998660000
0!
0%
#335040326500
1!
1%
b1001 )
#335081993000
0!
0%
#335123659500
1!
1%
b1010 )
#335165326000
0!
0%
#335206992500
1!
1%
b1011 )
#335248659000
0!
0%
#335290325500
1!
1%
b1100 )
#335331992000
0!
0%
#335373658500
1!
1%
b1101 )
#335415325000
0!
0%
#335456991500
1!
1%
b1110 )
#335498658000
0!
0%
#335540324500
1!
1%
b1111 )
#335581991000
0!
0%
#335623657500
1!
1%
b10000 )
#335665324000
0!
0%
#335706990500
1!
1%
b10001 )
#335748657000
0!
0%
#335790323500
1!
1%
b10010 )
#335831990000
0!
0%
#335873656500
1!
1%
b10011 )
#335915323000
0!
0%
#335956989500
1!
1%
b10100 )
#335998656000
0!
0%
#336040322500
1!
1%
b10101 )
#336081989000
0!
0%
#336123655500
1!
1%
b10110 )
#336165322000
0!
0%
#336206988500
1!
1%
b10111 )
#336248655000
0!
0%
#336290321500
1!
1%
b11000 )
#336331988000
0!
0%
#336373654500
1!
1%
b11001 )
#336415321000
0!
0%
#336456987500
1!
1%
b11010 )
#336498654000
0!
0%
#336540320500
1!
1%
b11011 )
#336581987000
0!
0%
#336623653500
1!
1%
b11100 )
#336665320000
0!
0%
#336706986500
1!
1%
b11101 )
#336748653000
0!
0%
#336790319500
1!
1%
b11110 )
#336831986000
0!
0%
#336873652500
1!
1%
b11111 )
#336915319000
0!
0%
#336956985500
1!
1%
b100000 )
#336998652000
0!
0%
#337040318500
1!
1%
b100001 )
#337081985000
0!
0%
#337123651500
1!
1%
b100010 )
#337165318000
0!
0%
#337206984500
1!
1%
b100011 )
#337248651000
0!
0%
#337290317500
1!
1%
b100100 )
#337331984000
0!
0%
#337373650500
1!
1%
b100101 )
#337415317000
0!
0%
#337456983500
1!
1%
b100110 )
#337498650000
0!
0%
#337540316500
1!
1%
b100111 )
#337581983000
0!
0%
#337623649500
1!
1%
b101000 )
#337665316000
0!
0%
#337706982500
1!
1%
b101001 )
#337748649000
0!
0%
#337790315500
1!
1%
b101010 )
#337831982000
0!
0%
#337873648500
1!
1%
b101011 )
#337915315000
0!
0%
#337956981500
1!
1%
b101100 )
#337998648000
0!
0%
#338040314500
1!
1%
b101101 )
#338081981000
0!
0%
#338123647500
1!
1%
b101110 )
#338165314000
0!
0%
#338206980500
1!
1%
b101111 )
#338248647000
0!
0%
#338290313500
1!
1%
b110000 )
#338331980000
0!
0%
#338373646500
1!
1%
b110001 )
#338415313000
0!
0%
#338456979500
1!
1%
b110010 )
#338498646000
0!
0%
#338540312500
1!
1%
b110011 )
#338581979000
0!
0%
#338623645500
1!
1%
b110100 )
#338665312000
0!
0%
#338706978500
1!
1%
b110101 )
#338748645000
0!
0%
#338790311500
1!
1%
b110110 )
#338831978000
0!
0%
#338873644500
1!
1%
b110111 )
#338915311000
0!
0%
#338956977500
1!
1%
b111000 )
#338998644000
0!
0%
#339040310500
1!
1%
b111001 )
#339081977000
0!
0%
#339123643500
1!
1%
b111010 )
#339165310000
0!
0%
#339206976500
1!
1%
b111011 )
#339248643000
0!
0%
#339290309500
1!
1%
b111100 )
#339331976000
0!
0%
#339373642500
1!
1%
b111101 )
#339415309000
0!
0%
#339456975500
1!
1%
b111110 )
#339498642000
0!
0%
#339540308500
1!
1%
b111111 )
#339581975000
0!
0%
#339623641500
1!
1%
b1000000 )
#339665308000
0!
0%
#339706974500
1!
1%
b1000001 )
#339748641000
0!
0%
#339790307500
1!
1%
b1000010 )
#339831974000
0!
0%
#339873640500
1!
1%
b1000011 )
#339915307000
0!
0%
#339956973500
1!
1%
b1000100 )
#339998640000
0!
0%
#340040306500
1!
1%
b1000101 )
#340081973000
0!
0%
#340123639500
1!
1%
b1000110 )
#340165306000
0!
0%
#340206972500
1!
1%
b1000111 )
#340248639000
0!
0%
#340290305500
1!
1%
b1001000 )
#340331972000
0!
0%
#340373638500
1!
1%
b1001001 )
#340415305000
0!
0%
#340456971500
1!
1%
b1001010 )
#340498638000
0!
0%
#340540304500
1!
1%
b1001011 )
#340581971000
0!
0%
#340623637500
1!
0$
1%
0(
b1001100 )
#340665304000
0!
0%
#340706970500
1!
1%
b1001101 )
#340748637000
0!
0%
#340790303500
1!
1%
b1001110 )
#340831970000
0!
0%
#340873636500
1!
1%
b1001111 )
#340915303000
0!
0%
#340956969500
1!
1%
b1010000 )
#340998636000
0!
0%
#341040302500
1!
1%
b1010001 )
#341081969000
0!
0%
#341123635500
1!
1%
b1010010 )
#341165302000
0!
0%
#341206968500
1!
1%
b1010011 )
#341248635000
0!
0%
#341290301500
1!
1%
b1010100 )
#341331968000
0!
0%
#341373634500
1!
1%
b1010101 )
#341415301000
0!
0%
#341456967500
1!
1%
b1010110 )
#341498634000
0!
0%
#341540300500
1!
1%
b1010111 )
#341581967000
0!
0%
#341623633500
1!
1%
b1011000 )
#341665300000
0!
0%
#341706966500
1!
1%
b1011001 )
#341748633000
0!
0%
#341790299500
1!
1%
b1011010 )
#341831966000
0!
0%
#341873632500
1!
1%
b1011011 )
#341915299000
0!
0%
#341956965500
1!
1%
b1011100 )
#341998632000
0!
0%
#342040298500
1!
1%
b1011101 )
#342081965000
0!
0%
#342123631500
1!
1%
b1011110 )
#342165298000
0!
0%
#342206964500
1!
1%
b1011111 )
#342248631000
0!
0%
#342290297500
1!
1%
b1100000 )
#342331964000
0!
0%
#342373630500
1!
1%
b1100001 )
#342415297000
0!
0%
#342456963500
1!
1%
b1100010 )
#342498630000
0!
0%
#342540296500
1!
1%
b1100011 )
#342581963000
0!
0%
#342623629500
1!
1%
b0 )
#342665296000
0!
0%
#342706962500
1!
1$
1%
1(
b1 )
#342748629000
0!
0%
#342790295500
1!
1%
b10 )
#342831962000
0!
0%
#342873628500
1!
1%
b11 )
#342915295000
0!
0%
#342956961500
1!
1%
b100 )
#342998628000
0!
0%
#343040294500
1!
1%
b101 )
#343081961000
0!
0%
#343123627500
1!
1%
b110 )
#343165294000
0!
0%
#343206960500
1!
1%
b111 )
#343248627000
0!
0%
#343290293500
1!
1%
b1000 )
#343331960000
0!
0%
#343373626500
1!
1%
b1001 )
#343415293000
0!
0%
#343456959500
1!
1%
b1010 )
#343498626000
0!
0%
#343540292500
1!
1%
b1011 )
#343581959000
0!
0%
#343623625500
1!
1%
b1100 )
#343665292000
0!
0%
#343706958500
1!
1%
b1101 )
#343748625000
0!
0%
#343790291500
1!
1%
b1110 )
#343831958000
0!
0%
#343873624500
1!
1%
b1111 )
#343915291000
0!
0%
#343956957500
1!
1%
b10000 )
#343998624000
0!
0%
#344040290500
1!
1%
b10001 )
#344081957000
0!
0%
#344123623500
1!
1%
b10010 )
#344165290000
0!
0%
#344206956500
1!
1%
b10011 )
#344248623000
0!
0%
#344290289500
1!
1%
b10100 )
#344331956000
0!
0%
#344373622500
1!
1%
b10101 )
#344415289000
0!
0%
#344456955500
1!
1%
b10110 )
#344498622000
0!
0%
#344540288500
1!
1%
b10111 )
#344581955000
0!
0%
#344623621500
1!
1%
b11000 )
#344665288000
0!
0%
#344706954500
1!
1%
b11001 )
#344748621000
0!
0%
#344790287500
1!
1%
b11010 )
#344831954000
0!
0%
#344873620500
1!
1%
b11011 )
#344915287000
0!
0%
#344956953500
1!
1%
b11100 )
#344998620000
0!
0%
#345040286500
1!
1%
b11101 )
#345081953000
0!
0%
#345123619500
1!
1%
b11110 )
#345165286000
0!
0%
#345206952500
1!
1%
b11111 )
#345248619000
0!
0%
#345290285500
1!
1%
b100000 )
#345331952000
0!
0%
#345373618500
1!
1%
b100001 )
#345415285000
0!
0%
#345456951500
1!
1%
b100010 )
#345498618000
0!
0%
#345540284500
1!
1%
b100011 )
#345581951000
0!
0%
#345623617500
1!
1%
b100100 )
#345665284000
0!
0%
#345706950500
1!
1%
b100101 )
#345748617000
0!
0%
#345790283500
1!
1%
b100110 )
#345831950000
0!
0%
#345873616500
1!
1%
b100111 )
#345915283000
0!
0%
#345956949500
1!
1%
b101000 )
#345998616000
0!
0%
#346040282500
1!
1%
b101001 )
#346081949000
0!
0%
#346123615500
1!
1%
b101010 )
#346165282000
0!
0%
#346206948500
1!
1%
b101011 )
#346248615000
0!
0%
#346290281500
1!
1%
b101100 )
#346331948000
0!
0%
#346373614500
1!
1%
b101101 )
#346415281000
0!
0%
#346456947500
1!
1%
b101110 )
#346498614000
0!
0%
#346540280500
1!
1%
b101111 )
#346581947000
0!
0%
#346623613500
1!
1%
b110000 )
#346665280000
0!
0%
#346706946500
1!
1%
b110001 )
#346748613000
0!
0%
#346790279500
1!
1%
b110010 )
#346831946000
0!
0%
#346873612500
1!
1%
b110011 )
#346915279000
0!
0%
#346956945500
1!
1%
b110100 )
#346998612000
0!
0%
#347040278500
1!
1%
b110101 )
#347081945000
0!
0%
#347123611500
1!
1%
b110110 )
#347165278000
0!
0%
#347206944500
1!
1%
b110111 )
#347248611000
0!
0%
#347290277500
1!
1%
b111000 )
#347331944000
0!
0%
#347373610500
1!
1%
b111001 )
#347415277000
0!
0%
#347456943500
1!
1%
b111010 )
#347498610000
0!
0%
#347540276500
1!
1%
b111011 )
#347581943000
0!
0%
#347623609500
1!
1%
b111100 )
#347665276000
0!
0%
#347706942500
1!
1%
b111101 )
#347748609000
0!
0%
#347790275500
1!
1%
b111110 )
#347831942000
0!
0%
#347873608500
1!
1%
b111111 )
#347915275000
0!
0%
#347956941500
1!
1%
b1000000 )
#347998608000
0!
0%
#348040274500
1!
1%
b1000001 )
#348081941000
0!
0%
#348123607500
1!
1%
b1000010 )
#348165274000
0!
0%
#348206940500
1!
1%
b1000011 )
#348248607000
0!
0%
#348290273500
1!
1%
b1000100 )
#348331940000
0!
0%
#348373606500
1!
1%
b1000101 )
#348415273000
0!
0%
#348456939500
1!
1%
b1000110 )
#348498606000
0!
0%
#348540272500
1!
1%
b1000111 )
#348581939000
0!
0%
#348623605500
1!
1%
b1001000 )
#348665272000
0!
0%
#348706938500
1!
1%
b1001001 )
#348748605000
0!
0%
#348790271500
1!
1%
b1001010 )
#348831938000
0!
0%
#348873604500
1!
1%
b1001011 )
#348915271000
0!
0%
#348956937500
1!
0$
1%
0(
b1001100 )
#348998604000
0!
0%
#349040270500
1!
1%
b1001101 )
#349081937000
0!
0%
#349123603500
1!
1%
b1001110 )
#349165270000
0!
0%
#349206936500
1!
1%
b1001111 )
#349248603000
0!
0%
#349290269500
1!
1%
b1010000 )
#349331936000
0!
0%
#349373602500
1!
1%
b1010001 )
#349415269000
0!
0%
#349456935500
1!
1%
b1010010 )
#349498602000
0!
0%
#349540268500
1!
1%
b1010011 )
#349581935000
0!
0%
#349623601500
1!
1%
b1010100 )
#349665268000
0!
0%
#349706934500
1!
1%
b1010101 )
#349748601000
0!
0%
#349790267500
1!
1%
b1010110 )
#349831934000
0!
0%
#349873600500
1!
1%
b1010111 )
#349915267000
0!
0%
#349956933500
1!
1%
b1011000 )
#349998600000
0!
0%
#350040266500
1!
1%
b1011001 )
#350081933000
0!
0%
#350123599500
1!
1%
b1011010 )
#350165266000
0!
0%
#350206932500
1!
1%
b1011011 )
#350248599000
0!
0%
#350290265500
1!
1%
b1011100 )
#350331932000
0!
0%
#350373598500
1!
1%
b1011101 )
#350415265000
0!
0%
#350456931500
1!
1%
b1011110 )
#350498598000
0!
0%
#350540264500
1!
1%
b1011111 )
#350581931000
0!
0%
#350623597500
1!
1%
b1100000 )
#350665264000
0!
0%
#350706930500
1!
1%
b1100001 )
#350748597000
0!
0%
#350790263500
1!
1%
b1100010 )
#350831930000
0!
0%
#350873596500
1!
1%
b1100011 )
#350915263000
0!
0%
#350956929500
1!
1%
b0 )
#350998596000
0!
0%
#351040262500
1!
1$
1%
1(
b1 )
#351081929000
0!
0%
#351123595500
1!
1%
b10 )
#351165262000
0!
0%
#351206928500
1!
1%
b11 )
#351248595000
0!
0%
#351290261500
1!
1%
b100 )
#351331928000
0!
0%
#351373594500
1!
1%
b101 )
#351415261000
0!
0%
#351456927500
1!
1%
b110 )
#351498594000
0!
0%
#351540260500
1!
1%
b111 )
#351581927000
0!
0%
#351623593500
1!
1%
b1000 )
#351665260000
0!
0%
#351706926500
1!
1%
b1001 )
#351748593000
0!
0%
#351790259500
1!
1%
b1010 )
#351831926000
0!
0%
#351873592500
1!
1%
b1011 )
#351915259000
0!
0%
#351956925500
1!
1%
b1100 )
#351998592000
0!
0%
#352040258500
1!
1%
b1101 )
#352081925000
0!
0%
#352123591500
1!
1%
b1110 )
#352165258000
0!
0%
#352206924500
1!
1%
b1111 )
#352248591000
0!
0%
#352290257500
1!
1%
b10000 )
#352331924000
0!
0%
#352373590500
1!
1%
b10001 )
#352415257000
0!
0%
#352456923500
1!
1%
b10010 )
#352498590000
0!
0%
#352540256500
1!
1%
b10011 )
#352581923000
0!
0%
#352623589500
1!
1%
b10100 )
#352665256000
0!
0%
#352706922500
1!
1%
b10101 )
#352748589000
0!
0%
#352790255500
1!
1%
b10110 )
#352831922000
0!
0%
#352873588500
1!
1%
b10111 )
#352915255000
0!
0%
#352956921500
1!
1%
b11000 )
#352998588000
0!
0%
#353040254500
1!
1%
b11001 )
#353081921000
0!
0%
#353123587500
1!
1%
b11010 )
#353165254000
0!
0%
#353206920500
1!
1%
b11011 )
#353248587000
0!
0%
#353290253500
1!
1%
b11100 )
#353331920000
0!
0%
#353373586500
1!
1%
b11101 )
#353415253000
0!
0%
#353456919500
1!
1%
b11110 )
#353498586000
0!
0%
#353540252500
1!
1%
b11111 )
#353581919000
0!
0%
#353623585500
1!
1%
b100000 )
#353665252000
0!
0%
#353706918500
1!
1%
b100001 )
#353748585000
0!
0%
#353790251500
1!
1%
b100010 )
#353831918000
0!
0%
#353873584500
1!
1%
b100011 )
#353915251000
0!
0%
#353956917500
1!
1%
b100100 )
#353998584000
0!
0%
#354040250500
1!
1%
b100101 )
#354081917000
0!
0%
#354123583500
1!
1%
b100110 )
#354165250000
0!
0%
#354206916500
1!
1%
b100111 )
#354248583000
0!
0%
#354290249500
1!
1%
b101000 )
#354331916000
0!
0%
#354373582500
1!
1%
b101001 )
#354415249000
0!
0%
#354456915500
1!
1%
b101010 )
#354498582000
0!
0%
#354540248500
1!
1%
b101011 )
#354581915000
0!
0%
#354623581500
1!
1%
b101100 )
#354665248000
0!
0%
#354706914500
1!
1%
b101101 )
#354748581000
0!
0%
#354790247500
1!
1%
b101110 )
#354831914000
0!
0%
#354873580500
1!
1%
b101111 )
#354915247000
0!
0%
#354956913500
1!
1%
b110000 )
#354998580000
0!
0%
#355040246500
1!
1%
b110001 )
#355081913000
0!
0%
#355123579500
1!
1%
b110010 )
#355165246000
0!
0%
#355206912500
1!
1%
b110011 )
#355248579000
0!
0%
#355290245500
1!
1%
b110100 )
#355331912000
0!
0%
#355373578500
1!
1%
b110101 )
#355415245000
0!
0%
#355456911500
1!
1%
b110110 )
#355498578000
0!
0%
#355540244500
1!
1%
b110111 )
#355581911000
0!
0%
#355623577500
1!
1%
b111000 )
#355665244000
0!
0%
#355706910500
1!
1%
b111001 )
#355748577000
0!
0%
#355790243500
1!
1%
b111010 )
#355831910000
0!
0%
#355873576500
1!
1%
b111011 )
#355915243000
0!
0%
#355956909500
1!
1%
b111100 )
#355998576000
0!
0%
#356040242500
1!
1%
b111101 )
#356081909000
0!
0%
#356123575500
1!
1%
b111110 )
#356165242000
0!
0%
#356206908500
1!
1%
b111111 )
#356248575000
0!
0%
#356290241500
1!
1%
b1000000 )
#356331908000
0!
0%
#356373574500
1!
1%
b1000001 )
#356415241000
0!
0%
#356456907500
1!
1%
b1000010 )
#356498574000
0!
0%
#356540240500
1!
1%
b1000011 )
#356581907000
0!
0%
#356623573500
1!
1%
b1000100 )
#356665240000
0!
0%
#356706906500
1!
1%
b1000101 )
#356748573000
0!
0%
#356790239500
1!
1%
b1000110 )
#356831906000
0!
0%
#356873572500
1!
1%
b1000111 )
#356915239000
0!
0%
#356956905500
1!
1%
b1001000 )
#356998572000
0!
0%
#357040238500
1!
1%
b1001001 )
#357081905000
0!
0%
#357123571500
1!
1%
b1001010 )
#357165238000
0!
0%
#357206904500
1!
1%
b1001011 )
#357248571000
0!
0%
#357290237500
1!
0$
1%
0(
b1001100 )
#357331904000
0!
0%
#357373570500
1!
1%
b1001101 )
#357415237000
0!
0%
#357456903500
1!
1%
b1001110 )
#357498570000
0!
0%
#357540236500
1!
1%
b1001111 )
#357581903000
0!
0%
#357623569500
1!
1%
b1010000 )
#357665236000
0!
0%
#357706902500
1!
1%
b1010001 )
#357748569000
0!
0%
#357790235500
1!
1%
b1010010 )
#357831902000
0!
0%
#357873568500
1!
1%
b1010011 )
#357915235000
0!
0%
#357956901500
1!
1%
b1010100 )
#357998568000
0!
0%
#358040234500
1!
1%
b1010101 )
#358081901000
0!
0%
#358123567500
1!
1%
b1010110 )
#358165234000
0!
0%
#358206900500
1!
1%
b1010111 )
#358248567000
0!
0%
#358290233500
1!
1%
b1011000 )
#358331900000
0!
0%
#358373566500
1!
1%
b1011001 )
#358415233000
0!
0%
#358456899500
1!
1%
b1011010 )
#358498566000
0!
0%
#358540232500
1!
1%
b1011011 )
#358581899000
0!
0%
#358623565500
1!
1%
b1011100 )
#358665232000
0!
0%
#358706898500
1!
1%
b1011101 )
#358748565000
0!
0%
#358790231500
1!
1%
b1011110 )
#358831898000
0!
0%
#358873564500
1!
1%
b1011111 )
#358915231000
0!
0%
#358956897500
1!
1%
b1100000 )
#358998564000
0!
0%
#359040230500
1!
1%
b1100001 )
#359081897000
0!
0%
#359123563500
1!
1%
b1100010 )
#359165230000
0!
0%
#359206896500
1!
1%
b1100011 )
#359248563000
0!
0%
#359290229500
1!
1%
b0 )
#359331896000
0!
0%
#359373562500
1!
1$
1%
1(
b1 )
#359415229000
0!
0%
#359456895500
1!
1%
b10 )
#359498562000
0!
0%
#359540228500
1!
1%
b11 )
#359581895000
0!
0%
#359623561500
1!
1%
b100 )
#359665228000
0!
0%
#359706894500
1!
1%
b101 )
#359748561000
0!
0%
#359790227500
1!
1%
b110 )
#359831894000
0!
0%
#359873560500
1!
1%
b111 )
#359915227000
0!
0%
#359956893500
1!
1%
b1000 )
#359998560000
0!
0%
#360040226500
1!
1%
b1001 )
#360081893000
0!
0%
#360123559500
1!
1%
b1010 )
#360165226000
0!
0%
#360206892500
1!
1%
b1011 )
#360248559000
0!
0%
#360290225500
1!
1%
b1100 )
#360331892000
0!
0%
#360373558500
1!
1%
b1101 )
#360415225000
0!
0%
#360456891500
1!
1%
b1110 )
#360498558000
0!
0%
#360540224500
1!
1%
b1111 )
#360581891000
0!
0%
#360623557500
1!
1%
b10000 )
#360665224000
0!
0%
#360706890500
1!
1%
b10001 )
#360748557000
0!
0%
#360790223500
1!
1%
b10010 )
#360831890000
0!
0%
#360873556500
1!
1%
b10011 )
#360915223000
0!
0%
#360956889500
1!
1%
b10100 )
#360998556000
0!
0%
#361040222500
1!
1%
b10101 )
#361081889000
0!
0%
#361123555500
1!
1%
b10110 )
#361165222000
0!
0%
#361206888500
1!
1%
b10111 )
#361248555000
0!
0%
#361290221500
1!
1%
b11000 )
#361331888000
0!
0%
#361373554500
1!
1%
b11001 )
#361415221000
0!
0%
#361456887500
1!
1%
b11010 )
#361498554000
0!
0%
#361540220500
1!
1%
b11011 )
#361581887000
0!
0%
#361623553500
1!
1%
b11100 )
#361665220000
0!
0%
#361706886500
1!
1%
b11101 )
#361748553000
0!
0%
#361790219500
1!
1%
b11110 )
#361831886000
0!
0%
#361873552500
1!
1%
b11111 )
#361915219000
0!
0%
#361956885500
1!
1%
b100000 )
#361998552000
0!
0%
#362040218500
1!
1%
b100001 )
#362081885000
0!
0%
#362123551500
1!
1%
b100010 )
#362165218000
0!
0%
#362206884500
1!
1%
b100011 )
#362248551000
0!
0%
#362290217500
1!
1%
b100100 )
#362331884000
0!
0%
#362373550500
1!
1%
b100101 )
#362415217000
0!
0%
#362456883500
1!
1%
b100110 )
#362498550000
0!
0%
#362540216500
1!
1%
b100111 )
#362581883000
0!
0%
#362623549500
1!
1%
b101000 )
#362665216000
0!
0%
#362706882500
1!
1%
b101001 )
#362748549000
0!
0%
#362790215500
1!
1%
b101010 )
#362831882000
0!
0%
#362873548500
1!
1%
b101011 )
#362915215000
0!
0%
#362956881500
1!
1%
b101100 )
#362998548000
0!
0%
#363040214500
1!
1%
b101101 )
#363081881000
0!
0%
#363123547500
1!
1%
b101110 )
#363165214000
0!
0%
#363206880500
1!
1%
b101111 )
#363248547000
0!
0%
#363290213500
1!
1%
b110000 )
#363331880000
0!
0%
#363373546500
1!
1%
b110001 )
#363415213000
0!
0%
#363456879500
1!
1%
b110010 )
#363498546000
0!
0%
#363540212500
1!
1%
b110011 )
#363581879000
0!
0%
#363623545500
1!
1%
b110100 )
#363665212000
0!
0%
#363706878500
1!
1%
b110101 )
#363748545000
0!
0%
#363790211500
1!
1%
b110110 )
#363831878000
0!
0%
#363873544500
1!
1%
b110111 )
#363915211000
0!
0%
#363956877500
1!
1%
b111000 )
#363998544000
0!
0%
#364040210500
1!
1%
b111001 )
#364081877000
0!
0%
#364123543500
1!
1%
b111010 )
#364165210000
0!
0%
#364206876500
1!
1%
b111011 )
#364248543000
0!
0%
#364290209500
1!
1%
b111100 )
#364331876000
0!
0%
#364373542500
1!
1%
b111101 )
#364415209000
0!
0%
#364456875500
1!
1%
b111110 )
#364498542000
0!
0%
#364540208500
1!
1%
b111111 )
#364581875000
0!
0%
#364623541500
1!
1%
b1000000 )
#364665208000
0!
0%
#364706874500
1!
1%
b1000001 )
#364748541000
0!
0%
#364790207500
1!
1%
b1000010 )
#364831874000
0!
0%
#364873540500
1!
1%
b1000011 )
#364915207000
0!
0%
#364956873500
1!
1%
b1000100 )
#364998540000
0!
0%
#365040206500
1!
1%
b1000101 )
#365081873000
0!
0%
#365123539500
1!
1%
b1000110 )
#365165206000
0!
0%
#365206872500
1!
1%
b1000111 )
#365248539000
0!
0%
#365290205500
1!
1%
b1001000 )
#365331872000
0!
0%
#365373538500
1!
1%
b1001001 )
#365415205000
0!
0%
#365456871500
1!
1%
b1001010 )
#365498538000
0!
0%
#365540204500
1!
1%
b1001011 )
#365581871000
0!
0%
#365623537500
1!
0$
1%
0(
b1001100 )
#365665204000
0!
0%
#365706870500
1!
1%
b1001101 )
#365748537000
0!
0%
#365790203500
1!
1%
b1001110 )
#365831870000
0!
0%
#365873536500
1!
1%
b1001111 )
#365915203000
0!
0%
#365956869500
1!
1%
b1010000 )
#365998536000
0!
0%
#366040202500
1!
1%
b1010001 )
#366081869000
0!
0%
#366123535500
1!
1%
b1010010 )
#366165202000
0!
0%
#366206868500
1!
1%
b1010011 )
#366248535000
0!
0%
#366290201500
1!
1%
b1010100 )
#366331868000
0!
0%
#366373534500
1!
1%
b1010101 )
#366415201000
0!
0%
#366456867500
1!
1%
b1010110 )
#366498534000
0!
0%
#366540200500
1!
1%
b1010111 )
#366581867000
0!
0%
#366623533500
1!
1%
b1011000 )
#366665200000
0!
0%
#366706866500
1!
1%
b1011001 )
#366748533000
0!
0%
#366790199500
1!
1%
b1011010 )
#366831866000
0!
0%
#366873532500
1!
1%
b1011011 )
#366915199000
0!
0%
#366956865500
1!
1%
b1011100 )
#366998532000
0!
0%
#367040198500
1!
1%
b1011101 )
#367081865000
0!
0%
#367123531500
1!
1%
b1011110 )
#367165198000
0!
0%
#367206864500
1!
1%
b1011111 )
#367248531000
0!
0%
#367290197500
1!
1%
b1100000 )
#367331864000
0!
0%
#367373530500
1!
1%
b1100001 )
#367415197000
0!
0%
#367456863500
1!
1%
b1100010 )
#367498530000
0!
0%
#367540196500
1!
1%
b1100011 )
#367581863000
0!
0%
#367623529500
1!
1%
b0 )
#367665196000
0!
0%
#367706862500
1!
1$
1%
1(
b1 )
#367748529000
0!
0%
#367790195500
1!
1%
b10 )
#367831862000
0!
0%
#367873528500
1!
1%
b11 )
#367915195000
0!
0%
#367956861500
1!
1%
b100 )
#367998528000
0!
0%
#368040194500
1!
1%
b101 )
#368081861000
0!
0%
#368123527500
1!
1%
b110 )
#368165194000
0!
0%
#368206860500
1!
1%
b111 )
#368248527000
0!
0%
#368290193500
1!
1%
b1000 )
#368331860000
0!
0%
#368373526500
1!
1%
b1001 )
#368415193000
0!
0%
#368456859500
1!
1%
b1010 )
#368498526000
0!
0%
#368540192500
1!
1%
b1011 )
#368581859000
0!
0%
#368623525500
1!
1%
b1100 )
#368665192000
0!
0%
#368706858500
1!
1%
b1101 )
#368748525000
0!
0%
#368790191500
1!
1%
b1110 )
#368831858000
0!
0%
#368873524500
1!
1%
b1111 )
#368915191000
0!
0%
#368956857500
1!
1%
b10000 )
#368998524000
0!
0%
#369040190500
1!
1%
b10001 )
#369081857000
0!
0%
#369123523500
1!
1%
b10010 )
#369165190000
0!
0%
#369206856500
1!
1%
b10011 )
#369248523000
0!
0%
#369290189500
1!
1%
b10100 )
#369331856000
0!
0%
#369373522500
1!
1%
b10101 )
#369415189000
0!
0%
#369456855500
1!
1%
b10110 )
#369498522000
0!
0%
#369540188500
1!
1%
b10111 )
#369581855000
0!
0%
#369623521500
1!
1%
b11000 )
#369665188000
0!
0%
#369706854500
1!
1%
b11001 )
#369748521000
0!
0%
#369790187500
1!
1%
b11010 )
#369831854000
0!
0%
#369873520500
1!
1%
b11011 )
#369915187000
0!
0%
#369956853500
1!
1%
b11100 )
#369998520000
0!
0%
#370040186500
1!
1%
b11101 )
#370081853000
0!
0%
#370123519500
1!
1%
b11110 )
#370165186000
0!
0%
#370206852500
1!
1%
b11111 )
#370248519000
0!
0%
#370290185500
1!
1%
b100000 )
#370331852000
0!
0%
#370373518500
1!
1%
b100001 )
#370415185000
0!
0%
#370456851500
1!
1%
b100010 )
#370498518000
0!
0%
#370540184500
1!
1%
b100011 )
#370581851000
0!
0%
#370623517500
1!
1%
b100100 )
#370665184000
0!
0%
#370706850500
1!
1%
b100101 )
#370748517000
0!
0%
#370790183500
1!
1%
b100110 )
#370831850000
0!
0%
#370873516500
1!
1%
b100111 )
#370915183000
0!
0%
#370956849500
1!
1%
b101000 )
#370998516000
0!
0%
#371040182500
1!
1%
b101001 )
#371081849000
0!
0%
#371123515500
1!
1%
b101010 )
#371165182000
0!
0%
#371206848500
1!
1%
b101011 )
#371248515000
0!
0%
#371290181500
1!
1%
b101100 )
#371331848000
0!
0%
#371373514500
1!
1%
b101101 )
#371415181000
0!
0%
#371456847500
1!
1%
b101110 )
#371498514000
0!
0%
#371540180500
1!
1%
b101111 )
#371581847000
0!
0%
#371623513500
1!
1%
b110000 )
#371665180000
0!
0%
#371706846500
1!
1%
b110001 )
#371748513000
0!
0%
#371790179500
1!
1%
b110010 )
#371831846000
0!
0%
#371873512500
1!
1%
b110011 )
#371915179000
0!
0%
#371956845500
1!
1%
b110100 )
#371998512000
0!
0%
#372040178500
1!
1%
b110101 )
#372081845000
0!
0%
#372123511500
1!
1%
b110110 )
#372165178000
0!
0%
#372206844500
1!
1%
b110111 )
#372248511000
0!
0%
#372290177500
1!
1%
b111000 )
#372331844000
0!
0%
#372373510500
1!
1%
b111001 )
#372415177000
0!
0%
#372456843500
1!
1%
b111010 )
#372498510000
0!
0%
#372540176500
1!
1%
b111011 )
#372581843000
0!
0%
#372623509500
1!
1%
b111100 )
#372665176000
0!
0%
#372706842500
1!
1%
b111101 )
#372748509000
0!
0%
#372790175500
1!
1%
b111110 )
#372831842000
0!
0%
#372873508500
1!
1%
b111111 )
#372915175000
0!
0%
#372956841500
1!
1%
b1000000 )
#372998508000
0!
0%
#373040174500
1!
1%
b1000001 )
#373081841000
0!
0%
#373123507500
1!
1%
b1000010 )
#373165174000
0!
0%
#373206840500
1!
1%
b1000011 )
#373248507000
0!
0%
#373290173500
1!
1%
b1000100 )
#373331840000
0!
0%
#373373506500
1!
1%
b1000101 )
#373415173000
0!
0%
#373456839500
1!
1%
b1000110 )
#373498506000
0!
0%
#373540172500
1!
1%
b1000111 )
#373581839000
0!
0%
#373623505500
1!
1%
b1001000 )
#373665172000
0!
0%
#373706838500
1!
1%
b1001001 )
#373748505000
0!
0%
#373790171500
1!
1%
b1001010 )
#373831838000
0!
0%
#373873504500
1!
1%
b1001011 )
#373915171000
0!
0%
#373956837500
1!
0$
1%
0(
b1001100 )
#373998504000
0!
0%
#374040170500
1!
1%
b1001101 )
#374081837000
0!
0%
#374123503500
1!
1%
b1001110 )
#374165170000
0!
0%
#374206836500
1!
1%
b1001111 )
#374248503000
0!
0%
#374290169500
1!
1%
b1010000 )
#374331836000
0!
0%
#374373502500
1!
1%
b1010001 )
#374415169000
0!
0%
#374456835500
1!
1%
b1010010 )
#374498502000
0!
0%
#374540168500
1!
1%
b1010011 )
#374581835000
0!
0%
#374623501500
1!
1%
b1010100 )
#374665168000
0!
0%
#374706834500
1!
1%
b1010101 )
#374748501000
0!
0%
#374790167500
1!
1%
b1010110 )
#374831834000
0!
0%
#374873500500
1!
1%
b1010111 )
#374915167000
0!
0%
#374956833500
1!
1%
b1011000 )
#374998500000
0!
0%
#375040166500
1!
1%
b1011001 )
#375081833000
0!
0%
#375123499500
1!
1%
b1011010 )
#375165166000
0!
0%
#375206832500
1!
1%
b1011011 )
#375248499000
0!
0%
#375290165500
1!
1%
b1011100 )
#375331832000
0!
0%
#375373498500
1!
1%
b1011101 )
#375415165000
0!
0%
#375456831500
1!
1%
b1011110 )
#375498498000
0!
0%
#375540164500
1!
1%
b1011111 )
#375581831000
0!
0%
#375623497500
1!
1%
b1100000 )
#375665164000
0!
0%
#375706830500
1!
1%
b1100001 )
#375748497000
0!
0%
#375790163500
1!
1%
b1100010 )
#375831830000
0!
0%
#375873496500
1!
1%
b1100011 )
#375915163000
0!
0%
#375956829500
1!
1%
b0 )
#375998496000
0!
0%
#376040162500
1!
1$
1%
1(
b1 )
#376081829000
0!
0%
#376123495500
1!
1%
b10 )
#376165162000
0!
0%
#376206828500
1!
1%
b11 )
#376248495000
0!
0%
#376290161500
1!
1%
b100 )
#376331828000
0!
0%
#376373494500
1!
1%
b101 )
#376415161000
0!
0%
#376456827500
1!
1%
b110 )
#376498494000
0!
0%
#376540160500
1!
1%
b111 )
#376581827000
0!
0%
#376623493500
1!
1%
b1000 )
#376665160000
0!
0%
#376706826500
1!
1%
b1001 )
#376748493000
0!
0%
#376790159500
1!
1%
b1010 )
#376831826000
0!
0%
#376873492500
1!
1%
b1011 )
#376915159000
0!
0%
#376956825500
1!
1%
b1100 )
#376998492000
0!
0%
#377040158500
1!
1%
b1101 )
#377081825000
0!
0%
#377123491500
1!
1%
b1110 )
#377165158000
0!
0%
#377206824500
1!
1%
b1111 )
#377248491000
0!
0%
#377290157500
1!
1%
b10000 )
#377331824000
0!
0%
#377373490500
1!
1%
b10001 )
#377415157000
0!
0%
#377456823500
1!
1%
b10010 )
#377498490000
0!
0%
#377540156500
1!
1%
b10011 )
#377581823000
0!
0%
#377623489500
1!
1%
b10100 )
#377665156000
0!
0%
#377706822500
1!
1%
b10101 )
#377748489000
0!
0%
#377790155500
1!
1%
b10110 )
#377831822000
0!
0%
#377873488500
1!
1%
b10111 )
#377915155000
0!
0%
#377956821500
1!
1%
b11000 )
#377998488000
0!
0%
#378040154500
1!
1%
b11001 )
#378081821000
0!
0%
#378123487500
1!
1%
b11010 )
#378165154000
0!
0%
#378206820500
1!
1%
b11011 )
#378248487000
0!
0%
#378290153500
1!
1%
b11100 )
#378331820000
0!
0%
#378373486500
1!
1%
b11101 )
#378415153000
0!
0%
#378456819500
1!
1%
b11110 )
#378498486000
0!
0%
#378540152500
1!
1%
b11111 )
#378581819000
0!
0%
#378623485500
1!
1%
b100000 )
#378665152000
0!
0%
#378706818500
1!
1%
b100001 )
#378748485000
0!
0%
#378790151500
1!
1%
b100010 )
#378831818000
0!
0%
#378873484500
1!
1%
b100011 )
#378915151000
0!
0%
#378956817500
1!
1%
b100100 )
#378998484000
0!
0%
#379040150500
1!
1%
b100101 )
#379081817000
0!
0%
#379123483500
1!
1%
b100110 )
#379165150000
0!
0%
#379206816500
1!
1%
b100111 )
#379248483000
0!
0%
#379290149500
1!
1%
b101000 )
#379331816000
0!
0%
#379373482500
1!
1%
b101001 )
#379415149000
0!
0%
#379456815500
1!
1%
b101010 )
#379498482000
0!
0%
#379540148500
1!
1%
b101011 )
#379581815000
0!
0%
#379623481500
1!
1%
b101100 )
#379665148000
0!
0%
#379706814500
1!
1%
b101101 )
#379748481000
0!
0%
#379790147500
1!
1%
b101110 )
#379831814000
0!
0%
#379873480500
1!
1%
b101111 )
#379915147000
0!
0%
#379956813500
1!
1%
b110000 )
#379998480000
0!
0%
#380040146500
1!
1%
b110001 )
#380081813000
0!
0%
#380123479500
1!
1%
b110010 )
#380165146000
0!
0%
#380206812500
1!
1%
b110011 )
#380248479000
0!
0%
#380290145500
1!
1%
b110100 )
#380331812000
0!
0%
#380373478500
1!
1%
b110101 )
#380415145000
0!
0%
#380456811500
1!
1%
b110110 )
#380498478000
0!
0%
#380540144500
1!
1%
b110111 )
#380581811000
0!
0%
#380623477500
1!
1%
b111000 )
#380665144000
0!
0%
#380706810500
1!
1%
b111001 )
#380748477000
0!
0%
#380790143500
1!
1%
b111010 )
#380831810000
0!
0%
#380873476500
1!
1%
b111011 )
#380915143000
0!
0%
#380956809500
1!
1%
b111100 )
#380998476000
0!
0%
#381040142500
1!
1%
b111101 )
#381081809000
0!
0%
#381123475500
1!
1%
b111110 )
#381165142000
0!
0%
#381206808500
1!
1%
b111111 )
#381248475000
0!
0%
#381290141500
1!
1%
b1000000 )
#381331808000
0!
0%
#381373474500
1!
1%
b1000001 )
#381415141000
0!
0%
#381456807500
1!
1%
b1000010 )
#381498474000
0!
0%
#381540140500
1!
1%
b1000011 )
#381581807000
0!
0%
#381623473500
1!
1%
b1000100 )
#381665140000
0!
0%
#381706806500
1!
1%
b1000101 )
#381748473000
0!
0%
#381790139500
1!
1%
b1000110 )
#381831806000
0!
0%
#381873472500
1!
1%
b1000111 )
#381915139000
0!
0%
#381956805500
1!
1%
b1001000 )
#381998472000
0!
0%
#382040138500
1!
1%
b1001001 )
#382081805000
0!
0%
#382123471500
1!
1%
b1001010 )
#382165138000
0!
0%
#382206804500
1!
1%
b1001011 )
#382248471000
0!
0%
#382290137500
1!
0$
1%
0(
b1001100 )
#382331804000
0!
0%
#382373470500
1!
1%
b1001101 )
#382415137000
0!
0%
#382456803500
1!
1%
b1001110 )
#382498470000
0!
0%
#382540136500
1!
1%
b1001111 )
#382581803000
0!
0%
#382623469500
1!
1%
b1010000 )
#382665136000
0!
0%
#382706802500
1!
1%
b1010001 )
#382748469000
0!
0%
#382790135500
1!
1%
b1010010 )
#382831802000
0!
0%
#382873468500
1!
1%
b1010011 )
#382915135000
0!
0%
#382956801500
1!
1%
b1010100 )
#382998468000
0!
0%
#383040134500
1!
1%
b1010101 )
#383081801000
0!
0%
#383123467500
1!
1%
b1010110 )
#383165134000
0!
0%
#383206800500
1!
1%
b1010111 )
#383248467000
0!
0%
#383290133500
1!
1%
b1011000 )
#383331800000
0!
0%
#383373466500
1!
1%
b1011001 )
#383415133000
0!
0%
#383456799500
1!
1%
b1011010 )
#383498466000
0!
0%
#383540132500
1!
1%
b1011011 )
#383581799000
0!
0%
#383623465500
1!
1%
b1011100 )
#383665132000
0!
0%
#383706798500
1!
1%
b1011101 )
#383748465000
0!
0%
#383790131500
1!
1%
b1011110 )
#383831798000
0!
0%
#383873464500
1!
1%
b1011111 )
#383915131000
0!
0%
#383956797500
1!
1%
b1100000 )
#383998464000
0!
0%
#384040130500
1!
1%
b1100001 )
#384081797000
0!
0%
#384123463500
1!
1%
b1100010 )
#384165130000
0!
0%
#384206796500
1!
1%
b1100011 )
#384248463000
0!
0%
#384290129500
1!
1%
b0 )
#384331796000
0!
0%
#384373462500
1!
1$
1%
1(
b1 )
#384415129000
0!
0%
#384456795500
1!
1%
b10 )
#384498462000
0!
0%
#384540128500
1!
1%
b11 )
#384581795000
0!
0%
#384623461500
1!
1%
b100 )
#384665128000
0!
0%
#384706794500
1!
1%
b101 )
#384748461000
0!
0%
#384790127500
1!
1%
b110 )
#384831794000
0!
0%
#384873460500
1!
1%
b111 )
#384915127000
0!
0%
#384956793500
1!
1%
b1000 )
#384998460000
0!
0%
#385040126500
1!
1%
b1001 )
#385081793000
0!
0%
#385123459500
1!
1%
b1010 )
#385165126000
0!
0%
#385206792500
1!
1%
b1011 )
#385248459000
0!
0%
#385290125500
1!
1%
b1100 )
#385331792000
0!
0%
#385373458500
1!
1%
b1101 )
#385415125000
0!
0%
#385456791500
1!
1%
b1110 )
#385498458000
0!
0%
#385540124500
1!
1%
b1111 )
#385581791000
0!
0%
#385623457500
1!
1%
b10000 )
#385665124000
0!
0%
#385706790500
1!
1%
b10001 )
#385748457000
0!
0%
#385790123500
1!
1%
b10010 )
#385831790000
0!
0%
#385873456500
1!
1%
b10011 )
#385915123000
0!
0%
#385956789500
1!
1%
b10100 )
#385998456000
0!
0%
#386040122500
1!
1%
b10101 )
#386081789000
0!
0%
#386123455500
1!
1%
b10110 )
#386165122000
0!
0%
#386206788500
1!
1%
b10111 )
#386248455000
0!
0%
#386290121500
1!
1%
b11000 )
#386331788000
0!
0%
#386373454500
1!
1%
b11001 )
#386415121000
0!
0%
#386456787500
1!
1%
b11010 )
#386498454000
0!
0%
#386540120500
1!
1%
b11011 )
#386581787000
0!
0%
#386623453500
1!
1%
b11100 )
#386665120000
0!
0%
#386706786500
1!
1%
b11101 )
#386748453000
0!
0%
#386790119500
1!
1%
b11110 )
#386831786000
0!
0%
#386873452500
1!
1%
b11111 )
#386915119000
0!
0%
#386956785500
1!
1%
b100000 )
#386998452000
0!
0%
#387040118500
1!
1%
b100001 )
#387081785000
0!
0%
#387123451500
1!
1%
b100010 )
#387165118000
0!
0%
#387206784500
1!
1%
b100011 )
#387248451000
0!
0%
#387290117500
1!
1%
b100100 )
#387331784000
0!
0%
#387373450500
1!
1%
b100101 )
#387415117000
0!
0%
#387456783500
1!
1%
b100110 )
#387498450000
0!
0%
#387540116500
1!
1%
b100111 )
#387581783000
0!
0%
#387623449500
1!
1%
b101000 )
#387665116000
0!
0%
#387706782500
1!
1%
b101001 )
#387748449000
0!
0%
#387790115500
1!
1%
b101010 )
#387831782000
0!
0%
#387873448500
1!
1%
b101011 )
#387915115000
0!
0%
#387956781500
1!
1%
b101100 )
#387998448000
0!
0%
#388040114500
1!
1%
b101101 )
#388081781000
0!
0%
#388123447500
1!
1%
b101110 )
#388165114000
0!
0%
#388206780500
1!
1%
b101111 )
#388248447000
0!
0%
#388290113500
1!
1%
b110000 )
#388331780000
0!
0%
#388373446500
1!
1%
b110001 )
#388415113000
0!
0%
#388456779500
1!
1%
b110010 )
#388498446000
0!
0%
#388540112500
1!
1%
b110011 )
#388581779000
0!
0%
#388623445500
1!
1%
b110100 )
#388665112000
0!
0%
#388706778500
1!
1%
b110101 )
#388748445000
0!
0%
#388790111500
1!
1%
b110110 )
#388831778000
0!
0%
#388873444500
1!
1%
b110111 )
#388915111000
0!
0%
#388956777500
1!
1%
b111000 )
#388998444000
0!
0%
#389040110500
1!
1%
b111001 )
#389081777000
0!
0%
#389123443500
1!
1%
b111010 )
#389165110000
0!
0%
#389206776500
1!
1%
b111011 )
#389248443000
0!
0%
#389290109500
1!
1%
b111100 )
#389331776000
0!
0%
#389373442500
1!
1%
b111101 )
#389415109000
0!
0%
#389456775500
1!
1%
b111110 )
#389498442000
0!
0%
#389540108500
1!
1%
b111111 )
#389581775000
0!
0%
#389623441500
1!
1%
b1000000 )
#389665108000
0!
0%
#389706774500
1!
1%
b1000001 )
#389748441000
0!
0%
#389790107500
1!
1%
b1000010 )
#389831774000
0!
0%
#389873440500
1!
1%
b1000011 )
#389915107000
0!
0%
#389956773500
1!
1%
b1000100 )
#389998440000
0!
0%
#390040106500
1!
1%
b1000101 )
#390081773000
0!
0%
#390123439500
1!
1%
b1000110 )
#390165106000
0!
0%
#390206772500
1!
1%
b1000111 )
#390248439000
0!
0%
#390290105500
1!
1%
b1001000 )
#390331772000
0!
0%
#390373438500
1!
1%
b1001001 )
#390415105000
0!
0%
#390456771500
1!
1%
b1001010 )
#390498438000
0!
0%
#390540104500
1!
1%
b1001011 )
#390581771000
0!
0%
#390623437500
1!
0$
1%
0(
b1001100 )
#390665104000
0!
0%
#390706770500
1!
1%
b1001101 )
#390748437000
0!
0%
#390790103500
1!
1%
b1001110 )
#390831770000
0!
0%
#390873436500
1!
1%
b1001111 )
#390915103000
0!
0%
#390956769500
1!
1%
b1010000 )
#390998436000
0!
0%
#391040102500
1!
1%
b1010001 )
#391081769000
0!
0%
#391123435500
1!
1%
b1010010 )
#391165102000
0!
0%
#391206768500
1!
1%
b1010011 )
#391248435000
0!
0%
#391290101500
1!
1%
b1010100 )
#391331768000
0!
0%
#391373434500
1!
1%
b1010101 )
#391415101000
0!
0%
#391456767500
1!
1%
b1010110 )
#391498434000
0!
0%
#391540100500
1!
1%
b1010111 )
#391581767000
0!
0%
#391623433500
1!
1%
b1011000 )
#391665100000
0!
0%
#391706766500
1!
1%
b1011001 )
#391748433000
0!
0%
#391790099500
1!
1%
b1011010 )
#391831766000
0!
0%
#391873432500
1!
1%
b1011011 )
#391915099000
0!
0%
#391956765500
1!
1%
b1011100 )
#391998432000
0!
0%
#392040098500
1!
1%
b1011101 )
#392081765000
0!
0%
#392123431500
1!
1%
b1011110 )
#392165098000
0!
0%
#392206764500
1!
1%
b1011111 )
#392248431000
0!
0%
#392290097500
1!
1%
b1100000 )
#392331764000
0!
0%
#392373430500
1!
1%
b1100001 )
#392415097000
0!
0%
#392456763500
1!
1%
b1100010 )
#392498430000
0!
0%
#392540096500
1!
1%
b1100011 )
#392581763000
0!
0%
#392623429500
1!
1%
b0 )
#392665096000
0!
0%
#392706762500
1!
1$
1%
1(
b1 )
#392748429000
0!
0%
#392790095500
1!
1%
b10 )
#392831762000
0!
0%
#392873428500
1!
1%
b11 )
#392915095000
0!
0%
#392956761500
1!
1%
b100 )
#392998428000
0!
0%
#393040094500
1!
1%
b101 )
#393081761000
0!
0%
#393123427500
1!
1%
b110 )
#393165094000
0!
0%
#393206760500
1!
1%
b111 )
#393248427000
0!
0%
#393290093500
1!
1%
b1000 )
#393331760000
0!
0%
#393373426500
1!
1%
b1001 )
#393415093000
0!
0%
#393456759500
1!
1%
b1010 )
#393498426000
0!
0%
#393540092500
1!
1%
b1011 )
#393581759000
0!
0%
#393623425500
1!
1%
b1100 )
#393665092000
0!
0%
#393706758500
1!
1%
b1101 )
#393748425000
0!
0%
#393790091500
1!
1%
b1110 )
#393831758000
0!
0%
#393873424500
1!
1%
b1111 )
#393915091000
0!
0%
#393956757500
1!
1%
b10000 )
#393998424000
0!
0%
#394040090500
1!
1%
b10001 )
#394081757000
0!
0%
#394123423500
1!
1%
b10010 )
#394165090000
0!
0%
#394206756500
1!
1%
b10011 )
#394248423000
0!
0%
#394290089500
1!
1%
b10100 )
#394331756000
0!
0%
#394373422500
1!
1%
b10101 )
#394415089000
0!
0%
#394456755500
1!
1%
b10110 )
#394498422000
0!
0%
#394540088500
1!
1%
b10111 )
#394581755000
0!
0%
#394623421500
1!
1%
b11000 )
#394665088000
0!
0%
#394706754500
1!
1%
b11001 )
#394748421000
0!
0%
#394790087500
1!
1%
b11010 )
#394831754000
0!
0%
#394873420500
1!
1%
b11011 )
#394915087000
0!
0%
#394956753500
1!
1%
b11100 )
#394998420000
0!
0%
#395040086500
1!
1%
b11101 )
#395081753000
0!
0%
#395123419500
1!
1%
b11110 )
#395165086000
0!
0%
#395206752500
1!
1%
b11111 )
#395248419000
0!
0%
#395290085500
1!
1%
b100000 )
#395331752000
0!
0%
#395373418500
1!
1%
b100001 )
#395415085000
0!
0%
#395456751500
1!
1%
b100010 )
#395498418000
0!
0%
#395540084500
1!
1%
b100011 )
#395581751000
0!
0%
#395623417500
1!
1%
b100100 )
#395665084000
0!
0%
#395706750500
1!
1%
b100101 )
#395748417000
0!
0%
#395790083500
1!
1%
b100110 )
#395831750000
0!
0%
#395873416500
1!
1%
b100111 )
#395915083000
0!
0%
#395956749500
1!
1%
b101000 )
#395998416000
0!
0%
#396040082500
1!
1%
b101001 )
#396081749000
0!
0%
#396123415500
1!
1%
b101010 )
#396165082000
0!
0%
#396206748500
1!
1%
b101011 )
#396248415000
0!
0%
#396290081500
1!
1%
b101100 )
#396331748000
0!
0%
#396373414500
1!
1%
b101101 )
#396415081000
0!
0%
#396456747500
1!
1%
b101110 )
#396498414000
0!
0%
#396540080500
1!
1%
b101111 )
#396581747000
0!
0%
#396623413500
1!
1%
b110000 )
#396665080000
0!
0%
#396706746500
1!
1%
b110001 )
#396748413000
0!
0%
#396790079500
1!
1%
b110010 )
#396831746000
0!
0%
#396873412500
1!
1%
b110011 )
#396915079000
0!
0%
#396956745500
1!
1%
b110100 )
#396998412000
0!
0%
#397040078500
1!
1%
b110101 )
#397081745000
0!
0%
#397123411500
1!
1%
b110110 )
#397165078000
0!
0%
#397206744500
1!
1%
b110111 )
#397248411000
0!
0%
#397290077500
1!
1%
b111000 )
#397331744000
0!
0%
#397373410500
1!
1%
b111001 )
#397415077000
0!
0%
#397456743500
1!
1%
b111010 )
#397498410000
0!
0%
#397540076500
1!
1%
b111011 )
#397581743000
0!
0%
#397623409500
1!
1%
b111100 )
#397665076000
0!
0%
#397706742500
1!
1%
b111101 )
#397748409000
0!
0%
#397790075500
1!
1%
b111110 )
#397831742000
0!
0%
#397873408500
1!
1%
b111111 )
#397915075000
0!
0%
#397956741500
1!
1%
b1000000 )
#397998408000
0!
0%
#398040074500
1!
1%
b1000001 )
#398081741000
0!
0%
#398123407500
1!
1%
b1000010 )
#398165074000
0!
0%
#398206740500
1!
1%
b1000011 )
#398248407000
0!
0%
#398290073500
1!
1%
b1000100 )
#398331740000
0!
0%
#398373406500
1!
1%
b1000101 )
#398415073000
0!
0%
#398456739500
1!
1%
b1000110 )
#398498406000
0!
0%
#398540072500
1!
1%
b1000111 )
#398581739000
0!
0%
#398623405500
1!
1%
b1001000 )
#398665072000
0!
0%
#398706738500
1!
1%
b1001001 )
#398748405000
0!
0%
#398790071500
1!
1%
b1001010 )
#398831738000
0!
0%
#398873404500
1!
1%
b1001011 )
#398915071000
0!
0%
#398956737500
1!
0$
1%
0(
b1001100 )
#398998404000
0!
0%
#399040070500
1!
1%
b1001101 )
#399081737000
0!
0%
#399123403500
1!
1%
b1001110 )
#399165070000
0!
0%
#399206736500
1!
1%
b1001111 )
#399248403000
0!
0%
#399290069500
1!
1%
b1010000 )
#399331736000
0!
0%
#399373402500
1!
1%
b1010001 )
#399415069000
0!
0%
#399456735500
1!
1%
b1010010 )
#399498402000
0!
0%
#399540068500
1!
1%
b1010011 )
#399581735000
0!
0%
#399623401500
1!
1%
b1010100 )
#399665068000
0!
0%
#399706734500
1!
1%
b1010101 )
#399748401000
0!
0%
#399790067500
1!
1%
b1010110 )
#399831734000
0!
0%
#399873400500
1!
1%
b1010111 )
#399915067000
0!
0%
#399956733500
1!
1%
b1011000 )
#399998400000
0!
0%
